--
-- PostgreSQL database dump
--

-- Dumped from database version 17.5
-- Dumped by pg_dump version 17.5

SET statement_timeout = 0;
SET lock_timeout = 0;
SET idle_in_transaction_session_timeout = 0;
SET transaction_timeout = 0;
SET client_encoding = 'UTF8';
SET standard_conforming_strings = on;
SELECT pg_catalog.set_config('search_path', '', false);
SET check_function_bodies = false;
SET xmloption = content;
SET client_min_messages = warning;
SET row_security = off;

--
-- Name: public; Type: SCHEMA; Schema: -; Owner: harrison
--

-- *not* creating schema, since initdb creates it


ALTER SCHEMA public OWNER TO harrison;

SET default_tablespace = '';

SET default_table_access_method = heap;

--
-- Name: ERP_gym_class; Type: TABLE; Schema: public; Owner: harrison
--

CREATE TABLE public."ERP_gym_class" (
    id bigint NOT NULL,
    title character varying(100) NOT NULL,
    description text NOT NULL,
    archive boolean,
    max_participants character varying(2)
);


ALTER TABLE public."ERP_gym_class" OWNER TO harrison;

--
-- Name: ERP_gym_class_id_seq; Type: SEQUENCE; Schema: public; Owner: harrison
--

ALTER TABLE public."ERP_gym_class" ALTER COLUMN id ADD GENERATED BY DEFAULT AS IDENTITY (
    SEQUENCE NAME public."ERP_gym_class_id_seq"
    START WITH 1
    INCREMENT BY 1
    NO MINVALUE
    NO MAXVALUE
    CACHE 1
);


--
-- Name: ERP_timetable; Type: TABLE; Schema: public; Owner: harrison
--

CREATE TABLE public."ERP_timetable" (
    id bigint NOT NULL,
    title character varying(100),
    mon5_id bigint,
    mon6_id bigint,
    mon10_id bigint,
    mon11_id bigint,
    mon12_id bigint,
    mon13_id bigint,
    mon14_id bigint,
    mon15_id bigint,
    mon16_id bigint,
    mon17_id bigint,
    mon18_id bigint,
    mon7_id bigint,
    mon8_id bigint,
    mon9_id bigint,
    tue10_id bigint,
    tue11_id bigint,
    tue12_id bigint,
    tue13_id bigint,
    tue14_id bigint,
    tue15_id bigint,
    tue16_id bigint,
    tue17_id bigint,
    tue18_id bigint,
    tue5_id bigint,
    tue6_id bigint,
    tue7_id bigint,
    tue8_id bigint,
    tue9_id bigint,
    fri10_id bigint,
    fri11_id bigint,
    fri12_id bigint,
    fri13_id bigint,
    fri14_id bigint,
    fri15_id bigint,
    fri16_id bigint,
    fri17_id bigint,
    fri18_id bigint,
    fri5_id bigint,
    fri6_id bigint,
    fri7_id bigint,
    fri8_id bigint,
    fri9_id bigint,
    sat10_id bigint,
    sat11_id bigint,
    sat12_id bigint,
    sat13_id bigint,
    sat14_id bigint,
    sat15_id bigint,
    sat16_id bigint,
    sat17_id bigint,
    sat18_id bigint,
    sat5_id bigint,
    sat6_id bigint,
    sat7_id bigint,
    sat8_id bigint,
    sat9_id bigint,
    sun10_id bigint,
    sun11_id bigint,
    sun12_id bigint,
    sun13_id bigint,
    sun14_id bigint,
    sun15_id bigint,
    sun16_id bigint,
    sun17_id bigint,
    sun18_id bigint,
    sun5_id bigint,
    sun6_id bigint,
    sun7_id bigint,
    sun8_id bigint,
    sun9_id bigint,
    thur10_id bigint,
    thur11_id bigint,
    thur12_id bigint,
    thur13_id bigint,
    thur14_id bigint,
    thur15_id bigint,
    thur16_id bigint,
    thur17_id bigint,
    thur18_id bigint,
    thur5_id bigint,
    thur6_id bigint,
    thur7_id bigint,
    thur8_id bigint,
    thur9_id bigint,
    wed10_id bigint,
    wed11_id bigint,
    wed12_id bigint,
    wed13_id bigint,
    wed14_id bigint,
    wed15_id bigint,
    wed16_id bigint,
    wed17_id bigint,
    wed18_id bigint,
    wed5_id bigint,
    wed6_id bigint,
    wed7_id bigint,
    wed8_id bigint,
    wed9_id bigint
);


ALTER TABLE public."ERP_timetable" OWNER TO harrison;

--
-- Name: ERP_timetable_class_instance; Type: TABLE; Schema: public; Owner: harrison
--

CREATE TABLE public."ERP_timetable_class_instance" (
    id bigint NOT NULL,
    time_slot character varying(5),
    status character varying(1) NOT NULL,
    gym_class_id bigint,
    day character varying(10),
    current_participants character varying(2)
);


ALTER TABLE public."ERP_timetable_class_instance" OWNER TO harrison;

--
-- Name: ERP_timetable_class_instance_id_seq; Type: SEQUENCE; Schema: public; Owner: harrison
--

ALTER TABLE public."ERP_timetable_class_instance" ALTER COLUMN id ADD GENERATED BY DEFAULT AS IDENTITY (
    SEQUENCE NAME public."ERP_timetable_class_instance_id_seq"
    START WITH 1
    INCREMENT BY 1
    NO MINVALUE
    NO MAXVALUE
    CACHE 1
);


--
-- Name: ERP_timetable_id_seq; Type: SEQUENCE; Schema: public; Owner: harrison
--

ALTER TABLE public."ERP_timetable" ALTER COLUMN id ADD GENERATED BY DEFAULT AS IDENTITY (
    SEQUENCE NAME public."ERP_timetable_id_seq"
    START WITH 1
    INCREMENT BY 1
    NO MINVALUE
    NO MAXVALUE
    CACHE 1
);


--
-- Name: ERP_userprofile; Type: TABLE; Schema: public; Owner: harrison
--

CREATE TABLE public."ERP_userprofile" (
    id bigint NOT NULL,
    bio text NOT NULL,
    profile_picture character varying(100),
    user_id integer NOT NULL,
    is_staff boolean NOT NULL,
    date_of_birth date,
    first_name character varying(40),
    gender character varying(1),
    last_name character varying(40),
    email character varying(100),
    mobile numeric(10,0),
    post_code numeric(4,0),
    postal_address character varying(150),
    prefered_traning_id bigint,
    is_paid boolean NOT NULL,
    last_payment timestamp with time zone,
    next_payment timestamp with time zone
);


ALTER TABLE public."ERP_userprofile" OWNER TO harrison;

--
-- Name: ERP_userprofile_id_seq; Type: SEQUENCE; Schema: public; Owner: harrison
--

ALTER TABLE public."ERP_userprofile" ALTER COLUMN id ADD GENERATED BY DEFAULT AS IDENTITY (
    SEQUENCE NAME public."ERP_userprofile_id_seq"
    START WITH 1
    INCREMENT BY 1
    NO MINVALUE
    NO MAXVALUE
    CACHE 1
);


--
-- Name: auth_group; Type: TABLE; Schema: public; Owner: harrison
--

CREATE TABLE public.auth_group (
    id integer NOT NULL,
    name character varying(150) NOT NULL
);


ALTER TABLE public.auth_group OWNER TO harrison;

--
-- Name: auth_group_id_seq; Type: SEQUENCE; Schema: public; Owner: harrison
--

ALTER TABLE public.auth_group ALTER COLUMN id ADD GENERATED BY DEFAULT AS IDENTITY (
    SEQUENCE NAME public.auth_group_id_seq
    START WITH 1
    INCREMENT BY 1
    NO MINVALUE
    NO MAXVALUE
    CACHE 1
);


--
-- Name: auth_group_permissions; Type: TABLE; Schema: public; Owner: harrison
--

CREATE TABLE public.auth_group_permissions (
    id bigint NOT NULL,
    group_id integer NOT NULL,
    permission_id integer NOT NULL
);


ALTER TABLE public.auth_group_permissions OWNER TO harrison;

--
-- Name: auth_group_permissions_id_seq; Type: SEQUENCE; Schema: public; Owner: harrison
--

ALTER TABLE public.auth_group_permissions ALTER COLUMN id ADD GENERATED BY DEFAULT AS IDENTITY (
    SEQUENCE NAME public.auth_group_permissions_id_seq
    START WITH 1
    INCREMENT BY 1
    NO MINVALUE
    NO MAXVALUE
    CACHE 1
);


--
-- Name: auth_permission; Type: TABLE; Schema: public; Owner: harrison
--

CREATE TABLE public.auth_permission (
    id integer NOT NULL,
    name character varying(255) NOT NULL,
    content_type_id integer NOT NULL,
    codename character varying(100) NOT NULL
);


ALTER TABLE public.auth_permission OWNER TO harrison;

--
-- Name: auth_permission_id_seq; Type: SEQUENCE; Schema: public; Owner: harrison
--

ALTER TABLE public.auth_permission ALTER COLUMN id ADD GENERATED BY DEFAULT AS IDENTITY (
    SEQUENCE NAME public.auth_permission_id_seq
    START WITH 1
    INCREMENT BY 1
    NO MINVALUE
    NO MAXVALUE
    CACHE 1
);


--
-- Name: auth_user; Type: TABLE; Schema: public; Owner: harrison
--

CREATE TABLE public.auth_user (
    id integer NOT NULL,
    password character varying(128) NOT NULL,
    last_login timestamp with time zone,
    is_superuser boolean NOT NULL,
    username character varying(150) NOT NULL,
    first_name character varying(150) NOT NULL,
    last_name character varying(150) NOT NULL,
    email character varying(254) NOT NULL,
    is_staff boolean NOT NULL,
    is_active boolean NOT NULL,
    date_joined timestamp with time zone NOT NULL
);


ALTER TABLE public.auth_user OWNER TO harrison;

--
-- Name: auth_user_groups; Type: TABLE; Schema: public; Owner: harrison
--

CREATE TABLE public.auth_user_groups (
    id bigint NOT NULL,
    user_id integer NOT NULL,
    group_id integer NOT NULL
);


ALTER TABLE public.auth_user_groups OWNER TO harrison;

--
-- Name: auth_user_groups_id_seq; Type: SEQUENCE; Schema: public; Owner: harrison
--

ALTER TABLE public.auth_user_groups ALTER COLUMN id ADD GENERATED BY DEFAULT AS IDENTITY (
    SEQUENCE NAME public.auth_user_groups_id_seq
    START WITH 1
    INCREMENT BY 1
    NO MINVALUE
    NO MAXVALUE
    CACHE 1
);


--
-- Name: auth_user_id_seq; Type: SEQUENCE; Schema: public; Owner: harrison
--

ALTER TABLE public.auth_user ALTER COLUMN id ADD GENERATED BY DEFAULT AS IDENTITY (
    SEQUENCE NAME public.auth_user_id_seq
    START WITH 1
    INCREMENT BY 1
    NO MINVALUE
    NO MAXVALUE
    CACHE 1
);


--
-- Name: auth_user_user_permissions; Type: TABLE; Schema: public; Owner: harrison
--

CREATE TABLE public.auth_user_user_permissions (
    id bigint NOT NULL,
    user_id integer NOT NULL,
    permission_id integer NOT NULL
);


ALTER TABLE public.auth_user_user_permissions OWNER TO harrison;

--
-- Name: auth_user_user_permissions_id_seq; Type: SEQUENCE; Schema: public; Owner: harrison
--

ALTER TABLE public.auth_user_user_permissions ALTER COLUMN id ADD GENERATED BY DEFAULT AS IDENTITY (
    SEQUENCE NAME public.auth_user_user_permissions_id_seq
    START WITH 1
    INCREMENT BY 1
    NO MINVALUE
    NO MAXVALUE
    CACHE 1
);


--
-- Name: django_admin_log; Type: TABLE; Schema: public; Owner: harrison
--

CREATE TABLE public.django_admin_log (
    id integer NOT NULL,
    action_time timestamp with time zone NOT NULL,
    object_id text,
    object_repr character varying(200) NOT NULL,
    action_flag smallint NOT NULL,
    change_message text NOT NULL,
    content_type_id integer,
    user_id integer NOT NULL,
    CONSTRAINT django_admin_log_action_flag_check CHECK ((action_flag >= 0))
);


ALTER TABLE public.django_admin_log OWNER TO harrison;

--
-- Name: django_admin_log_id_seq; Type: SEQUENCE; Schema: public; Owner: harrison
--

ALTER TABLE public.django_admin_log ALTER COLUMN id ADD GENERATED BY DEFAULT AS IDENTITY (
    SEQUENCE NAME public.django_admin_log_id_seq
    START WITH 1
    INCREMENT BY 1
    NO MINVALUE
    NO MAXVALUE
    CACHE 1
);


--
-- Name: django_content_type; Type: TABLE; Schema: public; Owner: harrison
--

CREATE TABLE public.django_content_type (
    id integer NOT NULL,
    app_label character varying(100) NOT NULL,
    model character varying(100) NOT NULL
);


ALTER TABLE public.django_content_type OWNER TO harrison;

--
-- Name: django_content_type_id_seq; Type: SEQUENCE; Schema: public; Owner: harrison
--

ALTER TABLE public.django_content_type ALTER COLUMN id ADD GENERATED BY DEFAULT AS IDENTITY (
    SEQUENCE NAME public.django_content_type_id_seq
    START WITH 1
    INCREMENT BY 1
    NO MINVALUE
    NO MAXVALUE
    CACHE 1
);


--
-- Name: django_migrations; Type: TABLE; Schema: public; Owner: harrison
--

CREATE TABLE public.django_migrations (
    id bigint NOT NULL,
    app character varying(255) NOT NULL,
    name character varying(255) NOT NULL,
    applied timestamp with time zone NOT NULL
);


ALTER TABLE public.django_migrations OWNER TO harrison;

--
-- Name: django_migrations_id_seq; Type: SEQUENCE; Schema: public; Owner: harrison
--

ALTER TABLE public.django_migrations ALTER COLUMN id ADD GENERATED BY DEFAULT AS IDENTITY (
    SEQUENCE NAME public.django_migrations_id_seq
    START WITH 1
    INCREMENT BY 1
    NO MINVALUE
    NO MAXVALUE
    CACHE 1
);


--
-- Name: django_q_ormq; Type: TABLE; Schema: public; Owner: harrison
--

CREATE TABLE public.django_q_ormq (
    id integer NOT NULL,
    key character varying(100) NOT NULL,
    payload text NOT NULL,
    lock timestamp with time zone
);


ALTER TABLE public.django_q_ormq OWNER TO harrison;

--
-- Name: django_q_ormq_id_seq; Type: SEQUENCE; Schema: public; Owner: harrison
--

ALTER TABLE public.django_q_ormq ALTER COLUMN id ADD GENERATED BY DEFAULT AS IDENTITY (
    SEQUENCE NAME public.django_q_ormq_id_seq
    START WITH 1
    INCREMENT BY 1
    NO MINVALUE
    NO MAXVALUE
    CACHE 1
);


--
-- Name: django_q_schedule; Type: TABLE; Schema: public; Owner: harrison
--

CREATE TABLE public.django_q_schedule (
    id integer NOT NULL,
    func character varying(256) NOT NULL,
    hook character varying(256),
    args text,
    kwargs text,
    schedule_type character varying(1) NOT NULL,
    repeats integer NOT NULL,
    next_run timestamp with time zone,
    task character varying(100),
    name character varying(100),
    minutes smallint,
    cron character varying(100),
    cluster character varying(100),
    CONSTRAINT django_q_schedule_minutes_check CHECK ((minutes >= 0))
);


ALTER TABLE public.django_q_schedule OWNER TO harrison;

--
-- Name: django_q_schedule_id_seq; Type: SEQUENCE; Schema: public; Owner: harrison
--

ALTER TABLE public.django_q_schedule ALTER COLUMN id ADD GENERATED BY DEFAULT AS IDENTITY (
    SEQUENCE NAME public.django_q_schedule_id_seq
    START WITH 1
    INCREMENT BY 1
    NO MINVALUE
    NO MAXVALUE
    CACHE 1
);


--
-- Name: django_q_task; Type: TABLE; Schema: public; Owner: harrison
--

CREATE TABLE public.django_q_task (
    name character varying(100) NOT NULL,
    func character varying(256) NOT NULL,
    hook character varying(256),
    args text,
    kwargs text,
    result text,
    started timestamp with time zone NOT NULL,
    stopped timestamp with time zone NOT NULL,
    success boolean NOT NULL,
    id character varying(32) NOT NULL,
    "group" character varying(100),
    attempt_count integer NOT NULL
);


ALTER TABLE public.django_q_task OWNER TO harrison;

--
-- Name: django_session; Type: TABLE; Schema: public; Owner: harrison
--

CREATE TABLE public.django_session (
    session_key character varying(40) NOT NULL,
    session_data text NOT NULL,
    expire_date timestamp with time zone NOT NULL
);


ALTER TABLE public.django_session OWNER TO harrison;

--
-- Data for Name: ERP_gym_class; Type: TABLE DATA; Schema: public; Owner: harrison
--

COPY public."ERP_gym_class" (id, title, description, archive, max_participants) FROM stdin;
1	CrossFit	This Class Focuses on Fast Paced Movement	f	14
2	Boxing	Boxing Class	f	10
3	Teen Crossfit	Crossfit class for Teens	f	\N
4	Strength and Conditioning	Weight Lifting and Stuff	f	\N
5	Swimming	Laps My dude	f	\N
6	HIIT	Hight Intensity Interval Traning	f	\N
7	Pilates	Pilates class for good stretching.	f	\N
8	Spin Class	This class is a bike riding class	f	\N
10	Yoga	Yoga Class with Ms BOON	f	\N
13	Free Weights Time	Free Time for People in the Gym to workout and Train. Please come see staff i you require assistance.	f	\N
\.


--
-- Data for Name: ERP_timetable; Type: TABLE DATA; Schema: public; Owner: harrison
--

COPY public."ERP_timetable" (id, title, mon5_id, mon6_id, mon10_id, mon11_id, mon12_id, mon13_id, mon14_id, mon15_id, mon16_id, mon17_id, mon18_id, mon7_id, mon8_id, mon9_id, tue10_id, tue11_id, tue12_id, tue13_id, tue14_id, tue15_id, tue16_id, tue17_id, tue18_id, tue5_id, tue6_id, tue7_id, tue8_id, tue9_id, fri10_id, fri11_id, fri12_id, fri13_id, fri14_id, fri15_id, fri16_id, fri17_id, fri18_id, fri5_id, fri6_id, fri7_id, fri8_id, fri9_id, sat10_id, sat11_id, sat12_id, sat13_id, sat14_id, sat15_id, sat16_id, sat17_id, sat18_id, sat5_id, sat6_id, sat7_id, sat8_id, sat9_id, sun10_id, sun11_id, sun12_id, sun13_id, sun14_id, sun15_id, sun16_id, sun17_id, sun18_id, sun5_id, sun6_id, sun7_id, sun8_id, sun9_id, thur10_id, thur11_id, thur12_id, thur13_id, thur14_id, thur15_id, thur16_id, thur17_id, thur18_id, thur5_id, thur6_id, thur7_id, thur8_id, thur9_id, wed10_id, wed11_id, wed12_id, wed13_id, wed14_id, wed15_id, wed16_id, wed17_id, wed18_id, wed5_id, wed6_id, wed7_id, wed8_id, wed9_id) FROM stdin;
1	Normal Timetable	1	2	6	7	8	9	10	11	12	13	14	3	4	5	18	19	20	21	22	23	24	25	28	26	27	15	16	17	57	98	63	68	73	78	83	88	93	31	36	41	47	52	58	99	64	69	74	79	84	89	94	32	37	42	48	53	59	60	65	70	75	80	85	90	95	33	38	43	49	54	56	97	62	67	72	77	82	87	92	30	35	45	46	51	55	96	61	66	71	76	81	86	91	29	34	39	44	50
\.


--
-- Data for Name: ERP_timetable_class_instance; Type: TABLE DATA; Schema: public; Owner: harrison
--

COPY public."ERP_timetable_class_instance" (id, time_slot, status, gym_class_id, day, current_participants) FROM stdin;
1	05:00	a	8	Monday	0
2	06:00	c	2	Monday	\N
3	07:00	a	2	Monday	\N
4	08:00	a	2	Monday	\N
5	09:00	a	6	Monday	\N
6	10:00	a	2	Monday	\N
7	11:00	a	2	Monday	\N
8	12:00	a	4	Monday	\N
9	13:00	a	2	Monday	\N
10	14:00	a	2	Monday	\N
11	15:00	a	2	Monday	\N
12	16:00	a	2	Monday	\N
13	17:00	a	2	Monday	\N
14	18:00	a	2	Monday	\N
15	07:00	a	1	Tuesday	\N
16	08:00	a	1	Tuesday	\N
17	09:00	a	4	Tuesday	\N
18	10:00	a	8	Tuesday	1
19	11:00	a	13	Tuesday	\N
20	12:00	a	1	Tuesday	\N
21	13:00	a	1	Tuesday	\N
22	14:00	a	1	Tuesday	\N
23	15:00	a	6	Tuesday	\N
24	16:00	a	1	Tuesday	\N
25	17:00	a	1	Tuesday	\N
26	05:00	a	3	Tuesday	2
27	06:00	a	1	Tuesday	\N
28	18:00	a	1	Tuesday	\N
29	05:00	a	5	Wednesday	2
30	05:00	a	4	Thursday	\N
31	05:00	a	4	Friday	\N
32	05:00	a	10	Saturday	\N
33	05:00	a	3	Sunday	\N
34	06:00	a	1	Wednesday	\N
35	06:00	a	7	Thursday	\N
36	06:00	a	6	Friday	\N
37	06:00	a	5	Saturday	\N
38	06:00	a	3	Sunday	\N
39	07:00	a	6	Wednesday	\N
41	07:00	a	3	Friday	\N
42	07:00	a	5	Saturday	\N
43	07:00	a	3	Sunday	\N
44	08:00	a	6	Wednesday	\N
45	07:00	a	7	Thursday	\N
46	08:00	a	7	Thursday	\N
47	08:00	a	7	Friday	\N
48	08:00	a	5	Saturday	\N
49	08:00	a	3	Sunday	\N
50	09:00	a	4	Wednesday	\N
51	09:00	a	7	Thursday	\N
52	09:00	a	6	Friday	\N
53	09:00	a	5	Saturday	\N
54	09:00	a	3	Sunday	\N
55	10:00	a	6	Wednesday	\N
56	10:00	c	7	Thursday	2
57	10:00	a	5	Friday	\N
58	10:00	a	5	Saturday	\N
59	10:00	a	3	Sunday	\N
60	11:00	a	6	Sunday	\N
61	12:00	a	4	Wednesday	\N
62	12:00	a	7	Thursday	\N
63	12:00	a	2	Friday	\N
64	12:00	a	3	Saturday	\N
65	12:00	a	3	Sunday	\N
66	13:00	a	6	Wednesday	\N
67	13:00	a	7	Thursday	\N
68	13:00	a	1	Friday	\N
69	13:00	a	5	Saturday	\N
70	13:00	a	\N	Sunday	\N
71	14:00	a	8	Wednesday	\N
72	14:00	a	7	Thursday	\N
73	14:00	a	3	Friday	\N
74	14:00	a	5	Saturday	\N
75	14:00	a	\N	Sunday	\N
76	15:00	a	6	Wednesday	\N
77	15:00	a	7	Thursday	\N
78	15:00	a	8	Friday	\N
79	15:00	a	\N	Saturday	\N
80	15:00	a	\N	Sunday	\N
81	16:00	a	6	Wednesday	\N
82	16:00	a	7	Thursday	\N
83	16:00	a	5	Friday	\N
84	16:00	a	\N	Saturday	\N
85	16:00	a	\N	Sunday	\N
86	17:00	a	6	Wednesday	\N
87	17:00	a	7	Thursday	\N
88	17:00	a	3	Friday	\N
89	17:00	a	\N	Saturday	\N
90	17:00	a	\N	Sunday	\N
91	18:00	a	6	Wednesday	\N
92	18:00	a	7	Thursday	\N
93	18:00	a	1	Friday	\N
94	18:00	a	\N	Saturday	\N
95	18:00	a	\N	Sunday	\N
96	11:00	a	6	Wednesday	\N
97	11:00	a	1	Thursday	\N
98	11:00	a	3	Friday	\N
99	11:00	a	5	Saturday	\N
\.


--
-- Data for Name: ERP_userprofile; Type: TABLE DATA; Schema: public; Owner: harrison
--

COPY public."ERP_userprofile" (id, bio, profile_picture, user_id, is_staff, date_of_birth, first_name, gender, last_name, email, mobile, post_code, postal_address, prefered_traning_id, is_paid, last_payment, next_payment) FROM stdin;
2		profile_pics/Gym_Member_1.jpg	3	f	1998-06-26	Kara	F	Daymon	karadaymon@yahoo.com.au	415047883	4074	3 Langlo st Riverhills	10	f	2025-04-15 09:00:00+10	2025-04-15 14:15:00+10
1		profile_pics/ERPAdmin.jpg	2	t	1998-02-26	Harrison	M	Plume	plume521@outlook.com	434364053	4074	3 Langlo St	13	f	2025-04-15 09:00:00+10	2025-04-15 14:36:00+10
\.


--
-- Data for Name: auth_group; Type: TABLE DATA; Schema: public; Owner: harrison
--

COPY public.auth_group (id, name) FROM stdin;
1	Gym Staff Members
\.


--
-- Data for Name: auth_group_permissions; Type: TABLE DATA; Schema: public; Owner: harrison
--

COPY public.auth_group_permissions (id, group_id, permission_id) FROM stdin;
\.


--
-- Data for Name: auth_permission; Type: TABLE DATA; Schema: public; Owner: harrison
--

COPY public.auth_permission (id, name, content_type_id, codename) FROM stdin;
1	Can add log entry	1	add_logentry
2	Can change log entry	1	change_logentry
3	Can delete log entry	1	delete_logentry
4	Can view log entry	1	view_logentry
5	Can add permission	2	add_permission
6	Can change permission	2	change_permission
7	Can delete permission	2	delete_permission
8	Can view permission	2	view_permission
9	Can add group	3	add_group
10	Can change group	3	change_group
11	Can delete group	3	delete_group
12	Can view group	3	view_group
13	Can add user	4	add_user
14	Can change user	4	change_user
15	Can delete user	4	delete_user
16	Can view user	4	view_user
17	Can add content type	5	add_contenttype
18	Can change content type	5	change_contenttype
19	Can delete content type	5	delete_contenttype
20	Can view content type	5	view_contenttype
21	Can add session	6	add_session
22	Can change session	6	change_session
23	Can delete session	6	delete_session
24	Can view session	6	view_session
25	Can add gym_class	7	add_gym_class
26	Can change gym_class	7	change_gym_class
27	Can delete gym_class	7	delete_gym_class
28	Can view gym_class	7	view_gym_class
29	Can add timetable_class_instance	8	add_timetable_class_instance
30	Can change timetable_class_instance	8	change_timetable_class_instance
31	Can delete timetable_class_instance	8	delete_timetable_class_instance
32	Can view timetable_class_instance	8	view_timetable_class_instance
33	Can add timetable	9	add_timetable
34	Can change timetable	9	change_timetable
35	Can delete timetable	9	delete_timetable
36	Can view timetable	9	view_timetable
37	Can update the Timetable	9	update_timetable
38	Can add user profile	10	add_userprofile
39	Can change user profile	10	change_userprofile
40	Can delete user profile	10	delete_userprofile
41	Can view user profile	10	view_userprofile
42	Can add Scheduled task	11	add_schedule
43	Can change Scheduled task	11	change_schedule
44	Can delete Scheduled task	11	delete_schedule
45	Can view Scheduled task	11	view_schedule
46	Can add task	12	add_task
47	Can change task	12	change_task
48	Can delete task	12	delete_task
49	Can view task	12	view_task
50	Can add Failed task	13	add_failure
51	Can change Failed task	13	change_failure
52	Can delete Failed task	13	delete_failure
53	Can view Failed task	13	view_failure
54	Can add Successful task	14	add_success
55	Can change Successful task	14	change_success
56	Can delete Successful task	14	delete_success
57	Can view Successful task	14	view_success
58	Can add Queued task	15	add_ormq
59	Can change Queued task	15	change_ormq
60	Can delete Queued task	15	delete_ormq
61	Can view Queued task	15	view_ormq
\.


--
-- Data for Name: auth_user; Type: TABLE DATA; Schema: public; Owner: harrison
--

COPY public.auth_user (id, password, last_login, is_superuser, username, first_name, last_name, email, is_staff, is_active, date_joined) FROM stdin;
3	pbkdf2_sha256$600000$yWm8ROdnlzDWn2mHxGHGkP$XmMCl3Vrvh1V9xJDh3ZmFiBf5G6FaHRh0L4NFgPMieY=	2023-10-23 15:10:07.866+10	f	Gym_Member_1				f	t	2023-10-20 15:02:09+10
2	pbkdf2_sha256$600000$8JMpBF48Bk2YgOt2TaOMSP$VgRWqqucsjxd1NIDOIboVTCY9AIlDn5//mOToK3dL10=	2025-06-04 08:32:33.45994+10	t	ERPAdmin			plume521@outlook.com	t	t	2023-10-20 14:49:13.644+10
\.


--
-- Data for Name: auth_user_groups; Type: TABLE DATA; Schema: public; Owner: harrison
--

COPY public.auth_user_groups (id, user_id, group_id) FROM stdin;
\.


--
-- Data for Name: auth_user_user_permissions; Type: TABLE DATA; Schema: public; Owner: harrison
--

COPY public.auth_user_user_permissions (id, user_id, permission_id) FROM stdin;
\.


--
-- Data for Name: django_admin_log; Type: TABLE DATA; Schema: public; Owner: harrison
--

COPY public.django_admin_log (id, action_time, object_id, object_repr, action_flag, change_message, content_type_id, user_id) FROM stdin;
\.


--
-- Data for Name: django_content_type; Type: TABLE DATA; Schema: public; Owner: harrison
--

COPY public.django_content_type (id, app_label, model) FROM stdin;
1	admin	logentry
2	auth	permission
3	auth	group
4	auth	user
5	contenttypes	contenttype
6	sessions	session
7	ERP	gym_class
8	ERP	timetable_class_instance
9	ERP	timetable
10	ERP	userprofile
11	django_q	schedule
12	django_q	task
13	django_q	failure
14	django_q	success
15	django_q	ormq
\.


--
-- Data for Name: django_migrations; Type: TABLE DATA; Schema: public; Owner: harrison
--

COPY public.django_migrations (id, app, name, applied) FROM stdin;
1	contenttypes	0001_initial	2025-06-04 08:26:01.646192+10
2	auth	0001_initial	2025-06-04 08:26:01.677445+10
3	ERP	0001_initial	2025-06-04 08:26:01.693071+10
4	ERP	0002_timetable_class_instance_day	2025-06-04 08:26:01.693071+10
5	ERP	0003_alter_timetable_class_instance_day_and_more	2025-06-04 08:26:01.708698+10
6	ERP	0004_timetable	2025-06-04 08:26:01.708698+10
7	ERP	0005_timetable_mon6	2025-06-04 08:26:01.708698+10
8	ERP	0006_timetable_mon10_timetable_mon11_timetable_mon12_and_more	2025-06-04 08:26:01.755597+10
9	ERP	0007_alter_timetable_class_instance_gym_class	2025-06-04 08:26:01.758422+10
10	ERP	0008_timetable_tue10_timetable_tue11_timetable_tue12_and_more	2025-06-04 08:26:01.788081+10
11	ERP	0009_alter_timetable_class_instance_options	2025-06-04 08:26:01.803708+10
12	ERP	0010_timetable_fri10_timetable_fri11_timetable_fri12_and_more	2025-06-04 08:26:02.163109+10
13	ERP	0011_alter_timetable_mon10_alter_timetable_mon11_and_more	2025-06-04 08:26:02.23087+10
14	ERP	0012_alter_timetable_mon10_alter_timetable_mon11_and_more	2025-06-04 08:26:02.30318+10
15	ERP	0013_timetable_class_instance_current_participants_and_more	2025-06-04 08:26:02.318806+10
16	ERP	0014_timetable_class_instance_xd	2025-06-04 08:26:02.318806+10
17	ERP	0015_remove_timetable_class_instance_xd	2025-06-04 08:26:02.334432+10
18	ERP	0016_userprofile	2025-06-04 08:26:02.334432+10
19	ERP	0017_alter_userprofile_options	2025-06-04 08:26:02.334432+10
20	ERP	0018_userprofile_is_staff	2025-06-04 08:26:02.350058+10
21	ERP	0019_alter_userprofile_profile_picture	2025-06-04 08:26:02.350058+10
22	ERP	0020_alter_userprofile_is_staff	2025-06-04 08:26:02.350058+10
23	ERP	0021_alter_timetable_options	2025-06-04 08:26:02.365684+10
24	ERP	0022_alter_userprofile_is_staff	2025-06-04 08:26:02.365684+10
25	ERP	0023_alter_userprofile_profile_picture	2025-06-04 08:26:02.365684+10
26	ERP	0024_alter_userprofile_profile_picture	2025-06-04 08:26:02.381311+10
27	ERP	0025_gym_class_max_participants	2025-06-04 08:26:02.381311+10
28	ERP	0026_remove_timetable_class_instance_max_participants	2025-06-04 08:26:02.381311+10
29	ERP	0027_alter_timetable_class_instance_options	2025-06-04 08:26:02.396937+10
30	ERP	0028_alter_timetable_class_instance_options	2025-06-04 08:26:02.396937+10
31	ERP	0029_userprofile_date_of_birth_userprofile_first_name_and_more	2025-06-04 08:26:02.412563+10
32	ERP	0030_userprofile_email_userprofile_mobile_and_more	2025-06-04 08:26:02.428189+10
33	ERP	0031_userprofile_is_paid_userprofile_last_payment_and_more	2025-06-04 08:26:02.443816+10
34	admin	0001_initial	2025-06-04 08:26:02.459442+10
35	admin	0002_logentry_remove_auto_add	2025-06-04 08:26:02.459442+10
36	admin	0003_logentry_add_action_flag_choices	2025-06-04 08:26:02.475068+10
37	contenttypes	0002_remove_content_type_name	2025-06-04 08:26:02.475068+10
38	auth	0002_alter_permission_name_max_length	2025-06-04 08:26:02.490694+10
39	auth	0003_alter_user_email_max_length	2025-06-04 08:26:02.490694+10
40	auth	0004_alter_user_username_opts	2025-06-04 08:26:02.50632+10
41	auth	0005_alter_user_last_login_null	2025-06-04 08:26:02.50632+10
42	auth	0006_require_contenttypes_0002	2025-06-04 08:26:02.50632+10
43	auth	0007_alter_validators_add_error_messages	2025-06-04 08:26:02.521946+10
44	auth	0008_alter_user_username_max_length	2025-06-04 08:26:02.537573+10
45	auth	0009_alter_user_last_name_max_length	2025-06-04 08:26:02.537573+10
46	auth	0010_alter_group_name_max_length	2025-06-04 08:26:02.553199+10
47	auth	0011_update_proxy_permissions	2025-06-04 08:26:02.553199+10
48	auth	0012_alter_user_first_name_max_length	2025-06-04 08:26:02.568825+10
49	django_q	0001_initial	2025-06-04 08:26:02.568825+10
50	django_q	0002_auto_20150630_1624	2025-06-04 08:26:02.568825+10
51	django_q	0003_auto_20150708_1326	2025-06-04 08:26:02.584451+10
52	django_q	0004_auto_20150710_1043	2025-06-04 08:26:02.584451+10
53	django_q	0005_auto_20150718_1506	2025-06-04 08:26:02.584451+10
54	django_q	0006_auto_20150805_1817	2025-06-04 08:26:02.584451+10
55	django_q	0007_ormq	2025-06-04 08:26:02.600077+10
56	django_q	0008_auto_20160224_1026	2025-06-04 08:26:02.600077+10
57	django_q	0009_auto_20171009_0915	2025-06-04 08:26:02.600077+10
58	django_q	0010_auto_20200610_0856	2025-06-04 08:26:02.615703+10
59	django_q	0011_auto_20200628_1055	2025-06-04 08:26:02.615703+10
60	django_q	0012_auto_20200702_1608	2025-06-04 08:26:02.615703+10
61	django_q	0013_task_attempt_count	2025-06-04 08:26:02.615703+10
62	django_q	0014_schedule_cluster	2025-06-04 08:26:02.615703+10
63	sessions	0001_initial	2025-06-04 08:26:02.631329+10
\.


--
-- Data for Name: django_q_ormq; Type: TABLE DATA; Schema: public; Owner: harrison
--

COPY public.django_q_ormq (id, key, payload, lock) FROM stdin;
\.


--
-- Data for Name: django_q_schedule; Type: TABLE DATA; Schema: public; Owner: harrison
--

COPY public.django_q_schedule (id, func, hook, args, kwargs, schedule_type, repeats, next_run, task, name, minutes, cron, cluster) FROM stdin;
\.


--
-- Data for Name: django_q_task; Type: TABLE DATA; Schema: public; Owner: harrison
--

COPY public.django_q_task (name, func, hook, args, kwargs, result, started, stopped, success, id, "group", attempt_count) FROM stdin;
\.


--
-- Data for Name: django_session; Type: TABLE DATA; Schema: public; Owner: harrison
--

COPY public.django_session (session_key, session_data, expire_date) FROM stdin;
uha8wezfm98clqvqse5csq6d6fcq4r3n	.eJxVjEEOwiAQRe_C2pAphaG4dO8ZyDBDpWrapLQr492VpAvd_fz38l4q0r6VuNe8xknUWRl1-v0S8SPPDcid5tuieZm3dUq6KfqgVV8Xyc_L4f4FCtXSskIWPWUrwKM3OHohDA4cBkx9FwbAjO47rOmN4w765IUhAYDlMLB6fwDMjTba:1uMaBN:uIR8Zzb-jTc4Skz0ImGqmn9FS2qYDPLACaBDelIiQrU	2025-06-18 08:32:33.462817+10
\.


--
-- Name: ERP_gym_class_id_seq; Type: SEQUENCE SET; Schema: public; Owner: harrison
--

SELECT pg_catalog.setval('public."ERP_gym_class_id_seq"', 13, true);


--
-- Name: ERP_timetable_class_instance_id_seq; Type: SEQUENCE SET; Schema: public; Owner: harrison
--

SELECT pg_catalog.setval('public."ERP_timetable_class_instance_id_seq"', 99, true);


--
-- Name: ERP_timetable_id_seq; Type: SEQUENCE SET; Schema: public; Owner: harrison
--

SELECT pg_catalog.setval('public."ERP_timetable_id_seq"', 1, true);


--
-- Name: ERP_userprofile_id_seq; Type: SEQUENCE SET; Schema: public; Owner: harrison
--

SELECT pg_catalog.setval('public."ERP_userprofile_id_seq"', 2, true);


--
-- Name: auth_group_id_seq; Type: SEQUENCE SET; Schema: public; Owner: harrison
--

SELECT pg_catalog.setval('public.auth_group_id_seq', 1, true);


--
-- Name: auth_group_permissions_id_seq; Type: SEQUENCE SET; Schema: public; Owner: harrison
--

SELECT pg_catalog.setval('public.auth_group_permissions_id_seq', 1, false);


--
-- Name: auth_permission_id_seq; Type: SEQUENCE SET; Schema: public; Owner: harrison
--

SELECT pg_catalog.setval('public.auth_permission_id_seq', 61, true);


--
-- Name: auth_user_groups_id_seq; Type: SEQUENCE SET; Schema: public; Owner: harrison
--

SELECT pg_catalog.setval('public.auth_user_groups_id_seq', 1, false);


--
-- Name: auth_user_id_seq; Type: SEQUENCE SET; Schema: public; Owner: harrison
--

SELECT pg_catalog.setval('public.auth_user_id_seq', 3, true);


--
-- Name: auth_user_user_permissions_id_seq; Type: SEQUENCE SET; Schema: public; Owner: harrison
--

SELECT pg_catalog.setval('public.auth_user_user_permissions_id_seq', 1, false);


--
-- Name: django_admin_log_id_seq; Type: SEQUENCE SET; Schema: public; Owner: harrison
--

SELECT pg_catalog.setval('public.django_admin_log_id_seq', 1, false);


--
-- Name: django_content_type_id_seq; Type: SEQUENCE SET; Schema: public; Owner: harrison
--

SELECT pg_catalog.setval('public.django_content_type_id_seq', 15, true);


--
-- Name: django_migrations_id_seq; Type: SEQUENCE SET; Schema: public; Owner: harrison
--

SELECT pg_catalog.setval('public.django_migrations_id_seq', 63, true);


--
-- Name: django_q_ormq_id_seq; Type: SEQUENCE SET; Schema: public; Owner: harrison
--

SELECT pg_catalog.setval('public.django_q_ormq_id_seq', 1, false);


--
-- Name: django_q_schedule_id_seq; Type: SEQUENCE SET; Schema: public; Owner: harrison
--

SELECT pg_catalog.setval('public.django_q_schedule_id_seq', 1, false);


--
-- Name: ERP_gym_class ERP_gym_class_pkey; Type: CONSTRAINT; Schema: public; Owner: harrison
--

ALTER TABLE ONLY public."ERP_gym_class"
    ADD CONSTRAINT "ERP_gym_class_pkey" PRIMARY KEY (id);


--
-- Name: ERP_timetable_class_instance ERP_timetable_class_instance_pkey; Type: CONSTRAINT; Schema: public; Owner: harrison
--

ALTER TABLE ONLY public."ERP_timetable_class_instance"
    ADD CONSTRAINT "ERP_timetable_class_instance_pkey" PRIMARY KEY (id);


--
-- Name: ERP_timetable ERP_timetable_fri10_id_key; Type: CONSTRAINT; Schema: public; Owner: harrison
--

ALTER TABLE ONLY public."ERP_timetable"
    ADD CONSTRAINT "ERP_timetable_fri10_id_key" UNIQUE (fri10_id);


--
-- Name: ERP_timetable ERP_timetable_fri11_id_key; Type: CONSTRAINT; Schema: public; Owner: harrison
--

ALTER TABLE ONLY public."ERP_timetable"
    ADD CONSTRAINT "ERP_timetable_fri11_id_key" UNIQUE (fri11_id);


--
-- Name: ERP_timetable ERP_timetable_fri12_id_key; Type: CONSTRAINT; Schema: public; Owner: harrison
--

ALTER TABLE ONLY public."ERP_timetable"
    ADD CONSTRAINT "ERP_timetable_fri12_id_key" UNIQUE (fri12_id);


--
-- Name: ERP_timetable ERP_timetable_fri13_id_key; Type: CONSTRAINT; Schema: public; Owner: harrison
--

ALTER TABLE ONLY public."ERP_timetable"
    ADD CONSTRAINT "ERP_timetable_fri13_id_key" UNIQUE (fri13_id);


--
-- Name: ERP_timetable ERP_timetable_fri14_id_key; Type: CONSTRAINT; Schema: public; Owner: harrison
--

ALTER TABLE ONLY public."ERP_timetable"
    ADD CONSTRAINT "ERP_timetable_fri14_id_key" UNIQUE (fri14_id);


--
-- Name: ERP_timetable ERP_timetable_fri15_id_key; Type: CONSTRAINT; Schema: public; Owner: harrison
--

ALTER TABLE ONLY public."ERP_timetable"
    ADD CONSTRAINT "ERP_timetable_fri15_id_key" UNIQUE (fri15_id);


--
-- Name: ERP_timetable ERP_timetable_fri16_id_key; Type: CONSTRAINT; Schema: public; Owner: harrison
--

ALTER TABLE ONLY public."ERP_timetable"
    ADD CONSTRAINT "ERP_timetable_fri16_id_key" UNIQUE (fri16_id);


--
-- Name: ERP_timetable ERP_timetable_fri17_id_key; Type: CONSTRAINT; Schema: public; Owner: harrison
--

ALTER TABLE ONLY public."ERP_timetable"
    ADD CONSTRAINT "ERP_timetable_fri17_id_key" UNIQUE (fri17_id);


--
-- Name: ERP_timetable ERP_timetable_fri18_id_key; Type: CONSTRAINT; Schema: public; Owner: harrison
--

ALTER TABLE ONLY public."ERP_timetable"
    ADD CONSTRAINT "ERP_timetable_fri18_id_key" UNIQUE (fri18_id);


--
-- Name: ERP_timetable ERP_timetable_fri5_id_key; Type: CONSTRAINT; Schema: public; Owner: harrison
--

ALTER TABLE ONLY public."ERP_timetable"
    ADD CONSTRAINT "ERP_timetable_fri5_id_key" UNIQUE (fri5_id);


--
-- Name: ERP_timetable ERP_timetable_fri6_id_key; Type: CONSTRAINT; Schema: public; Owner: harrison
--

ALTER TABLE ONLY public."ERP_timetable"
    ADD CONSTRAINT "ERP_timetable_fri6_id_key" UNIQUE (fri6_id);


--
-- Name: ERP_timetable ERP_timetable_fri7_id_key; Type: CONSTRAINT; Schema: public; Owner: harrison
--

ALTER TABLE ONLY public."ERP_timetable"
    ADD CONSTRAINT "ERP_timetable_fri7_id_key" UNIQUE (fri7_id);


--
-- Name: ERP_timetable ERP_timetable_fri8_id_key; Type: CONSTRAINT; Schema: public; Owner: harrison
--

ALTER TABLE ONLY public."ERP_timetable"
    ADD CONSTRAINT "ERP_timetable_fri8_id_key" UNIQUE (fri8_id);


--
-- Name: ERP_timetable ERP_timetable_fri9_id_key; Type: CONSTRAINT; Schema: public; Owner: harrison
--

ALTER TABLE ONLY public."ERP_timetable"
    ADD CONSTRAINT "ERP_timetable_fri9_id_key" UNIQUE (fri9_id);


--
-- Name: ERP_timetable ERP_timetable_mon10_id_key; Type: CONSTRAINT; Schema: public; Owner: harrison
--

ALTER TABLE ONLY public."ERP_timetable"
    ADD CONSTRAINT "ERP_timetable_mon10_id_key" UNIQUE (mon10_id);


--
-- Name: ERP_timetable ERP_timetable_mon11_id_key; Type: CONSTRAINT; Schema: public; Owner: harrison
--

ALTER TABLE ONLY public."ERP_timetable"
    ADD CONSTRAINT "ERP_timetable_mon11_id_key" UNIQUE (mon11_id);


--
-- Name: ERP_timetable ERP_timetable_mon12_id_key; Type: CONSTRAINT; Schema: public; Owner: harrison
--

ALTER TABLE ONLY public."ERP_timetable"
    ADD CONSTRAINT "ERP_timetable_mon12_id_key" UNIQUE (mon12_id);


--
-- Name: ERP_timetable ERP_timetable_mon13_id_key; Type: CONSTRAINT; Schema: public; Owner: harrison
--

ALTER TABLE ONLY public."ERP_timetable"
    ADD CONSTRAINT "ERP_timetable_mon13_id_key" UNIQUE (mon13_id);


--
-- Name: ERP_timetable ERP_timetable_mon14_id_key; Type: CONSTRAINT; Schema: public; Owner: harrison
--

ALTER TABLE ONLY public."ERP_timetable"
    ADD CONSTRAINT "ERP_timetable_mon14_id_key" UNIQUE (mon14_id);


--
-- Name: ERP_timetable ERP_timetable_mon15_id_key; Type: CONSTRAINT; Schema: public; Owner: harrison
--

ALTER TABLE ONLY public."ERP_timetable"
    ADD CONSTRAINT "ERP_timetable_mon15_id_key" UNIQUE (mon15_id);


--
-- Name: ERP_timetable ERP_timetable_mon16_id_key; Type: CONSTRAINT; Schema: public; Owner: harrison
--

ALTER TABLE ONLY public."ERP_timetable"
    ADD CONSTRAINT "ERP_timetable_mon16_id_key" UNIQUE (mon16_id);


--
-- Name: ERP_timetable ERP_timetable_mon17_id_key; Type: CONSTRAINT; Schema: public; Owner: harrison
--

ALTER TABLE ONLY public."ERP_timetable"
    ADD CONSTRAINT "ERP_timetable_mon17_id_key" UNIQUE (mon17_id);


--
-- Name: ERP_timetable ERP_timetable_mon18_id_key; Type: CONSTRAINT; Schema: public; Owner: harrison
--

ALTER TABLE ONLY public."ERP_timetable"
    ADD CONSTRAINT "ERP_timetable_mon18_id_key" UNIQUE (mon18_id);


--
-- Name: ERP_timetable ERP_timetable_mon5_id_key; Type: CONSTRAINT; Schema: public; Owner: harrison
--

ALTER TABLE ONLY public."ERP_timetable"
    ADD CONSTRAINT "ERP_timetable_mon5_id_key" UNIQUE (mon5_id);


--
-- Name: ERP_timetable ERP_timetable_mon6_id_key; Type: CONSTRAINT; Schema: public; Owner: harrison
--

ALTER TABLE ONLY public."ERP_timetable"
    ADD CONSTRAINT "ERP_timetable_mon6_id_key" UNIQUE (mon6_id);


--
-- Name: ERP_timetable ERP_timetable_mon7_id_key; Type: CONSTRAINT; Schema: public; Owner: harrison
--

ALTER TABLE ONLY public."ERP_timetable"
    ADD CONSTRAINT "ERP_timetable_mon7_id_key" UNIQUE (mon7_id);


--
-- Name: ERP_timetable ERP_timetable_mon8_id_key; Type: CONSTRAINT; Schema: public; Owner: harrison
--

ALTER TABLE ONLY public."ERP_timetable"
    ADD CONSTRAINT "ERP_timetable_mon8_id_key" UNIQUE (mon8_id);


--
-- Name: ERP_timetable ERP_timetable_mon9_id_key; Type: CONSTRAINT; Schema: public; Owner: harrison
--

ALTER TABLE ONLY public."ERP_timetable"
    ADD CONSTRAINT "ERP_timetable_mon9_id_key" UNIQUE (mon9_id);


--
-- Name: ERP_timetable ERP_timetable_pkey; Type: CONSTRAINT; Schema: public; Owner: harrison
--

ALTER TABLE ONLY public."ERP_timetable"
    ADD CONSTRAINT "ERP_timetable_pkey" PRIMARY KEY (id);


--
-- Name: ERP_timetable ERP_timetable_sat10_id_key; Type: CONSTRAINT; Schema: public; Owner: harrison
--

ALTER TABLE ONLY public."ERP_timetable"
    ADD CONSTRAINT "ERP_timetable_sat10_id_key" UNIQUE (sat10_id);


--
-- Name: ERP_timetable ERP_timetable_sat11_id_key; Type: CONSTRAINT; Schema: public; Owner: harrison
--

ALTER TABLE ONLY public."ERP_timetable"
    ADD CONSTRAINT "ERP_timetable_sat11_id_key" UNIQUE (sat11_id);


--
-- Name: ERP_timetable ERP_timetable_sat12_id_key; Type: CONSTRAINT; Schema: public; Owner: harrison
--

ALTER TABLE ONLY public."ERP_timetable"
    ADD CONSTRAINT "ERP_timetable_sat12_id_key" UNIQUE (sat12_id);


--
-- Name: ERP_timetable ERP_timetable_sat13_id_key; Type: CONSTRAINT; Schema: public; Owner: harrison
--

ALTER TABLE ONLY public."ERP_timetable"
    ADD CONSTRAINT "ERP_timetable_sat13_id_key" UNIQUE (sat13_id);


--
-- Name: ERP_timetable ERP_timetable_sat14_id_key; Type: CONSTRAINT; Schema: public; Owner: harrison
--

ALTER TABLE ONLY public."ERP_timetable"
    ADD CONSTRAINT "ERP_timetable_sat14_id_key" UNIQUE (sat14_id);


--
-- Name: ERP_timetable ERP_timetable_sat15_id_key; Type: CONSTRAINT; Schema: public; Owner: harrison
--

ALTER TABLE ONLY public."ERP_timetable"
    ADD CONSTRAINT "ERP_timetable_sat15_id_key" UNIQUE (sat15_id);


--
-- Name: ERP_timetable ERP_timetable_sat16_id_key; Type: CONSTRAINT; Schema: public; Owner: harrison
--

ALTER TABLE ONLY public."ERP_timetable"
    ADD CONSTRAINT "ERP_timetable_sat16_id_key" UNIQUE (sat16_id);


--
-- Name: ERP_timetable ERP_timetable_sat17_id_key; Type: CONSTRAINT; Schema: public; Owner: harrison
--

ALTER TABLE ONLY public."ERP_timetable"
    ADD CONSTRAINT "ERP_timetable_sat17_id_key" UNIQUE (sat17_id);


--
-- Name: ERP_timetable ERP_timetable_sat18_id_key; Type: CONSTRAINT; Schema: public; Owner: harrison
--

ALTER TABLE ONLY public."ERP_timetable"
    ADD CONSTRAINT "ERP_timetable_sat18_id_key" UNIQUE (sat18_id);


--
-- Name: ERP_timetable ERP_timetable_sat5_id_key; Type: CONSTRAINT; Schema: public; Owner: harrison
--

ALTER TABLE ONLY public."ERP_timetable"
    ADD CONSTRAINT "ERP_timetable_sat5_id_key" UNIQUE (sat5_id);


--
-- Name: ERP_timetable ERP_timetable_sat6_id_key; Type: CONSTRAINT; Schema: public; Owner: harrison
--

ALTER TABLE ONLY public."ERP_timetable"
    ADD CONSTRAINT "ERP_timetable_sat6_id_key" UNIQUE (sat6_id);


--
-- Name: ERP_timetable ERP_timetable_sat7_id_key; Type: CONSTRAINT; Schema: public; Owner: harrison
--

ALTER TABLE ONLY public."ERP_timetable"
    ADD CONSTRAINT "ERP_timetable_sat7_id_key" UNIQUE (sat7_id);


--
-- Name: ERP_timetable ERP_timetable_sat8_id_key; Type: CONSTRAINT; Schema: public; Owner: harrison
--

ALTER TABLE ONLY public."ERP_timetable"
    ADD CONSTRAINT "ERP_timetable_sat8_id_key" UNIQUE (sat8_id);


--
-- Name: ERP_timetable ERP_timetable_sat9_id_key; Type: CONSTRAINT; Schema: public; Owner: harrison
--

ALTER TABLE ONLY public."ERP_timetable"
    ADD CONSTRAINT "ERP_timetable_sat9_id_key" UNIQUE (sat9_id);


--
-- Name: ERP_timetable ERP_timetable_sun10_id_key; Type: CONSTRAINT; Schema: public; Owner: harrison
--

ALTER TABLE ONLY public."ERP_timetable"
    ADD CONSTRAINT "ERP_timetable_sun10_id_key" UNIQUE (sun10_id);


--
-- Name: ERP_timetable ERP_timetable_sun11_id_key; Type: CONSTRAINT; Schema: public; Owner: harrison
--

ALTER TABLE ONLY public."ERP_timetable"
    ADD CONSTRAINT "ERP_timetable_sun11_id_key" UNIQUE (sun11_id);


--
-- Name: ERP_timetable ERP_timetable_sun12_id_key; Type: CONSTRAINT; Schema: public; Owner: harrison
--

ALTER TABLE ONLY public."ERP_timetable"
    ADD CONSTRAINT "ERP_timetable_sun12_id_key" UNIQUE (sun12_id);


--
-- Name: ERP_timetable ERP_timetable_sun13_id_key; Type: CONSTRAINT; Schema: public; Owner: harrison
--

ALTER TABLE ONLY public."ERP_timetable"
    ADD CONSTRAINT "ERP_timetable_sun13_id_key" UNIQUE (sun13_id);


--
-- Name: ERP_timetable ERP_timetable_sun14_id_key; Type: CONSTRAINT; Schema: public; Owner: harrison
--

ALTER TABLE ONLY public."ERP_timetable"
    ADD CONSTRAINT "ERP_timetable_sun14_id_key" UNIQUE (sun14_id);


--
-- Name: ERP_timetable ERP_timetable_sun15_id_key; Type: CONSTRAINT; Schema: public; Owner: harrison
--

ALTER TABLE ONLY public."ERP_timetable"
    ADD CONSTRAINT "ERP_timetable_sun15_id_key" UNIQUE (sun15_id);


--
-- Name: ERP_timetable ERP_timetable_sun16_id_key; Type: CONSTRAINT; Schema: public; Owner: harrison
--

ALTER TABLE ONLY public."ERP_timetable"
    ADD CONSTRAINT "ERP_timetable_sun16_id_key" UNIQUE (sun16_id);


--
-- Name: ERP_timetable ERP_timetable_sun17_id_key; Type: CONSTRAINT; Schema: public; Owner: harrison
--

ALTER TABLE ONLY public."ERP_timetable"
    ADD CONSTRAINT "ERP_timetable_sun17_id_key" UNIQUE (sun17_id);


--
-- Name: ERP_timetable ERP_timetable_sun18_id_key; Type: CONSTRAINT; Schema: public; Owner: harrison
--

ALTER TABLE ONLY public."ERP_timetable"
    ADD CONSTRAINT "ERP_timetable_sun18_id_key" UNIQUE (sun18_id);


--
-- Name: ERP_timetable ERP_timetable_sun5_id_key; Type: CONSTRAINT; Schema: public; Owner: harrison
--

ALTER TABLE ONLY public."ERP_timetable"
    ADD CONSTRAINT "ERP_timetable_sun5_id_key" UNIQUE (sun5_id);


--
-- Name: ERP_timetable ERP_timetable_sun6_id_key; Type: CONSTRAINT; Schema: public; Owner: harrison
--

ALTER TABLE ONLY public."ERP_timetable"
    ADD CONSTRAINT "ERP_timetable_sun6_id_key" UNIQUE (sun6_id);


--
-- Name: ERP_timetable ERP_timetable_sun7_id_key; Type: CONSTRAINT; Schema: public; Owner: harrison
--

ALTER TABLE ONLY public."ERP_timetable"
    ADD CONSTRAINT "ERP_timetable_sun7_id_key" UNIQUE (sun7_id);


--
-- Name: ERP_timetable ERP_timetable_sun8_id_key; Type: CONSTRAINT; Schema: public; Owner: harrison
--

ALTER TABLE ONLY public."ERP_timetable"
    ADD CONSTRAINT "ERP_timetable_sun8_id_key" UNIQUE (sun8_id);


--
-- Name: ERP_timetable ERP_timetable_sun9_id_key; Type: CONSTRAINT; Schema: public; Owner: harrison
--

ALTER TABLE ONLY public."ERP_timetable"
    ADD CONSTRAINT "ERP_timetable_sun9_id_key" UNIQUE (sun9_id);


--
-- Name: ERP_timetable ERP_timetable_thur10_id_key; Type: CONSTRAINT; Schema: public; Owner: harrison
--

ALTER TABLE ONLY public."ERP_timetable"
    ADD CONSTRAINT "ERP_timetable_thur10_id_key" UNIQUE (thur10_id);


--
-- Name: ERP_timetable ERP_timetable_thur11_id_key; Type: CONSTRAINT; Schema: public; Owner: harrison
--

ALTER TABLE ONLY public."ERP_timetable"
    ADD CONSTRAINT "ERP_timetable_thur11_id_key" UNIQUE (thur11_id);


--
-- Name: ERP_timetable ERP_timetable_thur12_id_key; Type: CONSTRAINT; Schema: public; Owner: harrison
--

ALTER TABLE ONLY public."ERP_timetable"
    ADD CONSTRAINT "ERP_timetable_thur12_id_key" UNIQUE (thur12_id);


--
-- Name: ERP_timetable ERP_timetable_thur13_id_key; Type: CONSTRAINT; Schema: public; Owner: harrison
--

ALTER TABLE ONLY public."ERP_timetable"
    ADD CONSTRAINT "ERP_timetable_thur13_id_key" UNIQUE (thur13_id);


--
-- Name: ERP_timetable ERP_timetable_thur14_id_key; Type: CONSTRAINT; Schema: public; Owner: harrison
--

ALTER TABLE ONLY public."ERP_timetable"
    ADD CONSTRAINT "ERP_timetable_thur14_id_key" UNIQUE (thur14_id);


--
-- Name: ERP_timetable ERP_timetable_thur15_id_key; Type: CONSTRAINT; Schema: public; Owner: harrison
--

ALTER TABLE ONLY public."ERP_timetable"
    ADD CONSTRAINT "ERP_timetable_thur15_id_key" UNIQUE (thur15_id);


--
-- Name: ERP_timetable ERP_timetable_thur16_id_key; Type: CONSTRAINT; Schema: public; Owner: harrison
--

ALTER TABLE ONLY public."ERP_timetable"
    ADD CONSTRAINT "ERP_timetable_thur16_id_key" UNIQUE (thur16_id);


--
-- Name: ERP_timetable ERP_timetable_thur17_id_key; Type: CONSTRAINT; Schema: public; Owner: harrison
--

ALTER TABLE ONLY public."ERP_timetable"
    ADD CONSTRAINT "ERP_timetable_thur17_id_key" UNIQUE (thur17_id);


--
-- Name: ERP_timetable ERP_timetable_thur18_id_key; Type: CONSTRAINT; Schema: public; Owner: harrison
--

ALTER TABLE ONLY public."ERP_timetable"
    ADD CONSTRAINT "ERP_timetable_thur18_id_key" UNIQUE (thur18_id);


--
-- Name: ERP_timetable ERP_timetable_thur5_id_key; Type: CONSTRAINT; Schema: public; Owner: harrison
--

ALTER TABLE ONLY public."ERP_timetable"
    ADD CONSTRAINT "ERP_timetable_thur5_id_key" UNIQUE (thur5_id);


--
-- Name: ERP_timetable ERP_timetable_thur6_id_key; Type: CONSTRAINT; Schema: public; Owner: harrison
--

ALTER TABLE ONLY public."ERP_timetable"
    ADD CONSTRAINT "ERP_timetable_thur6_id_key" UNIQUE (thur6_id);


--
-- Name: ERP_timetable ERP_timetable_thur7_id_key; Type: CONSTRAINT; Schema: public; Owner: harrison
--

ALTER TABLE ONLY public."ERP_timetable"
    ADD CONSTRAINT "ERP_timetable_thur7_id_key" UNIQUE (thur7_id);


--
-- Name: ERP_timetable ERP_timetable_thur8_id_key; Type: CONSTRAINT; Schema: public; Owner: harrison
--

ALTER TABLE ONLY public."ERP_timetable"
    ADD CONSTRAINT "ERP_timetable_thur8_id_key" UNIQUE (thur8_id);


--
-- Name: ERP_timetable ERP_timetable_thur9_id_key; Type: CONSTRAINT; Schema: public; Owner: harrison
--

ALTER TABLE ONLY public."ERP_timetable"
    ADD CONSTRAINT "ERP_timetable_thur9_id_key" UNIQUE (thur9_id);


--
-- Name: ERP_timetable ERP_timetable_tue10_id_key; Type: CONSTRAINT; Schema: public; Owner: harrison
--

ALTER TABLE ONLY public."ERP_timetable"
    ADD CONSTRAINT "ERP_timetable_tue10_id_key" UNIQUE (tue10_id);


--
-- Name: ERP_timetable ERP_timetable_tue11_id_key; Type: CONSTRAINT; Schema: public; Owner: harrison
--

ALTER TABLE ONLY public."ERP_timetable"
    ADD CONSTRAINT "ERP_timetable_tue11_id_key" UNIQUE (tue11_id);


--
-- Name: ERP_timetable ERP_timetable_tue12_id_key; Type: CONSTRAINT; Schema: public; Owner: harrison
--

ALTER TABLE ONLY public."ERP_timetable"
    ADD CONSTRAINT "ERP_timetable_tue12_id_key" UNIQUE (tue12_id);


--
-- Name: ERP_timetable ERP_timetable_tue13_id_key; Type: CONSTRAINT; Schema: public; Owner: harrison
--

ALTER TABLE ONLY public."ERP_timetable"
    ADD CONSTRAINT "ERP_timetable_tue13_id_key" UNIQUE (tue13_id);


--
-- Name: ERP_timetable ERP_timetable_tue14_id_key; Type: CONSTRAINT; Schema: public; Owner: harrison
--

ALTER TABLE ONLY public."ERP_timetable"
    ADD CONSTRAINT "ERP_timetable_tue14_id_key" UNIQUE (tue14_id);


--
-- Name: ERP_timetable ERP_timetable_tue15_id_key; Type: CONSTRAINT; Schema: public; Owner: harrison
--

ALTER TABLE ONLY public."ERP_timetable"
    ADD CONSTRAINT "ERP_timetable_tue15_id_key" UNIQUE (tue15_id);


--
-- Name: ERP_timetable ERP_timetable_tue16_id_key; Type: CONSTRAINT; Schema: public; Owner: harrison
--

ALTER TABLE ONLY public."ERP_timetable"
    ADD CONSTRAINT "ERP_timetable_tue16_id_key" UNIQUE (tue16_id);


--
-- Name: ERP_timetable ERP_timetable_tue17_id_key; Type: CONSTRAINT; Schema: public; Owner: harrison
--

ALTER TABLE ONLY public."ERP_timetable"
    ADD CONSTRAINT "ERP_timetable_tue17_id_key" UNIQUE (tue17_id);


--
-- Name: ERP_timetable ERP_timetable_tue18_id_key; Type: CONSTRAINT; Schema: public; Owner: harrison
--

ALTER TABLE ONLY public."ERP_timetable"
    ADD CONSTRAINT "ERP_timetable_tue18_id_key" UNIQUE (tue18_id);


--
-- Name: ERP_timetable ERP_timetable_tue5_id_key; Type: CONSTRAINT; Schema: public; Owner: harrison
--

ALTER TABLE ONLY public."ERP_timetable"
    ADD CONSTRAINT "ERP_timetable_tue5_id_key" UNIQUE (tue5_id);


--
-- Name: ERP_timetable ERP_timetable_tue6_id_key; Type: CONSTRAINT; Schema: public; Owner: harrison
--

ALTER TABLE ONLY public."ERP_timetable"
    ADD CONSTRAINT "ERP_timetable_tue6_id_key" UNIQUE (tue6_id);


--
-- Name: ERP_timetable ERP_timetable_tue7_id_key; Type: CONSTRAINT; Schema: public; Owner: harrison
--

ALTER TABLE ONLY public."ERP_timetable"
    ADD CONSTRAINT "ERP_timetable_tue7_id_key" UNIQUE (tue7_id);


--
-- Name: ERP_timetable ERP_timetable_tue8_id_key; Type: CONSTRAINT; Schema: public; Owner: harrison
--

ALTER TABLE ONLY public."ERP_timetable"
    ADD CONSTRAINT "ERP_timetable_tue8_id_key" UNIQUE (tue8_id);


--
-- Name: ERP_timetable ERP_timetable_tue9_id_key; Type: CONSTRAINT; Schema: public; Owner: harrison
--

ALTER TABLE ONLY public."ERP_timetable"
    ADD CONSTRAINT "ERP_timetable_tue9_id_key" UNIQUE (tue9_id);


--
-- Name: ERP_timetable ERP_timetable_wed10_id_key; Type: CONSTRAINT; Schema: public; Owner: harrison
--

ALTER TABLE ONLY public."ERP_timetable"
    ADD CONSTRAINT "ERP_timetable_wed10_id_key" UNIQUE (wed10_id);


--
-- Name: ERP_timetable ERP_timetable_wed11_id_key; Type: CONSTRAINT; Schema: public; Owner: harrison
--

ALTER TABLE ONLY public."ERP_timetable"
    ADD CONSTRAINT "ERP_timetable_wed11_id_key" UNIQUE (wed11_id);


--
-- Name: ERP_timetable ERP_timetable_wed12_id_key; Type: CONSTRAINT; Schema: public; Owner: harrison
--

ALTER TABLE ONLY public."ERP_timetable"
    ADD CONSTRAINT "ERP_timetable_wed12_id_key" UNIQUE (wed12_id);


--
-- Name: ERP_timetable ERP_timetable_wed13_id_key; Type: CONSTRAINT; Schema: public; Owner: harrison
--

ALTER TABLE ONLY public."ERP_timetable"
    ADD CONSTRAINT "ERP_timetable_wed13_id_key" UNIQUE (wed13_id);


--
-- Name: ERP_timetable ERP_timetable_wed14_id_key; Type: CONSTRAINT; Schema: public; Owner: harrison
--

ALTER TABLE ONLY public."ERP_timetable"
    ADD CONSTRAINT "ERP_timetable_wed14_id_key" UNIQUE (wed14_id);


--
-- Name: ERP_timetable ERP_timetable_wed15_id_key; Type: CONSTRAINT; Schema: public; Owner: harrison
--

ALTER TABLE ONLY public."ERP_timetable"
    ADD CONSTRAINT "ERP_timetable_wed15_id_key" UNIQUE (wed15_id);


--
-- Name: ERP_timetable ERP_timetable_wed16_id_key; Type: CONSTRAINT; Schema: public; Owner: harrison
--

ALTER TABLE ONLY public."ERP_timetable"
    ADD CONSTRAINT "ERP_timetable_wed16_id_key" UNIQUE (wed16_id);


--
-- Name: ERP_timetable ERP_timetable_wed17_id_key; Type: CONSTRAINT; Schema: public; Owner: harrison
--

ALTER TABLE ONLY public."ERP_timetable"
    ADD CONSTRAINT "ERP_timetable_wed17_id_key" UNIQUE (wed17_id);


--
-- Name: ERP_timetable ERP_timetable_wed18_id_key; Type: CONSTRAINT; Schema: public; Owner: harrison
--

ALTER TABLE ONLY public."ERP_timetable"
    ADD CONSTRAINT "ERP_timetable_wed18_id_key" UNIQUE (wed18_id);


--
-- Name: ERP_timetable ERP_timetable_wed5_id_key; Type: CONSTRAINT; Schema: public; Owner: harrison
--

ALTER TABLE ONLY public."ERP_timetable"
    ADD CONSTRAINT "ERP_timetable_wed5_id_key" UNIQUE (wed5_id);


--
-- Name: ERP_timetable ERP_timetable_wed6_id_key; Type: CONSTRAINT; Schema: public; Owner: harrison
--

ALTER TABLE ONLY public."ERP_timetable"
    ADD CONSTRAINT "ERP_timetable_wed6_id_key" UNIQUE (wed6_id);


--
-- Name: ERP_timetable ERP_timetable_wed7_id_key; Type: CONSTRAINT; Schema: public; Owner: harrison
--

ALTER TABLE ONLY public."ERP_timetable"
    ADD CONSTRAINT "ERP_timetable_wed7_id_key" UNIQUE (wed7_id);


--
-- Name: ERP_timetable ERP_timetable_wed8_id_key; Type: CONSTRAINT; Schema: public; Owner: harrison
--

ALTER TABLE ONLY public."ERP_timetable"
    ADD CONSTRAINT "ERP_timetable_wed8_id_key" UNIQUE (wed8_id);


--
-- Name: ERP_timetable ERP_timetable_wed9_id_key; Type: CONSTRAINT; Schema: public; Owner: harrison
--

ALTER TABLE ONLY public."ERP_timetable"
    ADD CONSTRAINT "ERP_timetable_wed9_id_key" UNIQUE (wed9_id);


--
-- Name: ERP_userprofile ERP_userprofile_pkey; Type: CONSTRAINT; Schema: public; Owner: harrison
--

ALTER TABLE ONLY public."ERP_userprofile"
    ADD CONSTRAINT "ERP_userprofile_pkey" PRIMARY KEY (id);


--
-- Name: ERP_userprofile ERP_userprofile_user_id_key; Type: CONSTRAINT; Schema: public; Owner: harrison
--

ALTER TABLE ONLY public."ERP_userprofile"
    ADD CONSTRAINT "ERP_userprofile_user_id_key" UNIQUE (user_id);


--
-- Name: auth_group auth_group_name_key; Type: CONSTRAINT; Schema: public; Owner: harrison
--

ALTER TABLE ONLY public.auth_group
    ADD CONSTRAINT auth_group_name_key UNIQUE (name);


--
-- Name: auth_group_permissions auth_group_permissions_group_id_permission_id_0cd325b0_uniq; Type: CONSTRAINT; Schema: public; Owner: harrison
--

ALTER TABLE ONLY public.auth_group_permissions
    ADD CONSTRAINT auth_group_permissions_group_id_permission_id_0cd325b0_uniq UNIQUE (group_id, permission_id);


--
-- Name: auth_group_permissions auth_group_permissions_pkey; Type: CONSTRAINT; Schema: public; Owner: harrison
--

ALTER TABLE ONLY public.auth_group_permissions
    ADD CONSTRAINT auth_group_permissions_pkey PRIMARY KEY (id);


--
-- Name: auth_group auth_group_pkey; Type: CONSTRAINT; Schema: public; Owner: harrison
--

ALTER TABLE ONLY public.auth_group
    ADD CONSTRAINT auth_group_pkey PRIMARY KEY (id);


--
-- Name: auth_permission auth_permission_content_type_id_codename_01ab375a_uniq; Type: CONSTRAINT; Schema: public; Owner: harrison
--

ALTER TABLE ONLY public.auth_permission
    ADD CONSTRAINT auth_permission_content_type_id_codename_01ab375a_uniq UNIQUE (content_type_id, codename);


--
-- Name: auth_permission auth_permission_pkey; Type: CONSTRAINT; Schema: public; Owner: harrison
--

ALTER TABLE ONLY public.auth_permission
    ADD CONSTRAINT auth_permission_pkey PRIMARY KEY (id);


--
-- Name: auth_user_groups auth_user_groups_pkey; Type: CONSTRAINT; Schema: public; Owner: harrison
--

ALTER TABLE ONLY public.auth_user_groups
    ADD CONSTRAINT auth_user_groups_pkey PRIMARY KEY (id);


--
-- Name: auth_user_groups auth_user_groups_user_id_group_id_94350c0c_uniq; Type: CONSTRAINT; Schema: public; Owner: harrison
--

ALTER TABLE ONLY public.auth_user_groups
    ADD CONSTRAINT auth_user_groups_user_id_group_id_94350c0c_uniq UNIQUE (user_id, group_id);


--
-- Name: auth_user auth_user_pkey; Type: CONSTRAINT; Schema: public; Owner: harrison
--

ALTER TABLE ONLY public.auth_user
    ADD CONSTRAINT auth_user_pkey PRIMARY KEY (id);


--
-- Name: auth_user_user_permissions auth_user_user_permissions_pkey; Type: CONSTRAINT; Schema: public; Owner: harrison
--

ALTER TABLE ONLY public.auth_user_user_permissions
    ADD CONSTRAINT auth_user_user_permissions_pkey PRIMARY KEY (id);


--
-- Name: auth_user_user_permissions auth_user_user_permissions_user_id_permission_id_14a6b632_uniq; Type: CONSTRAINT; Schema: public; Owner: harrison
--

ALTER TABLE ONLY public.auth_user_user_permissions
    ADD CONSTRAINT auth_user_user_permissions_user_id_permission_id_14a6b632_uniq UNIQUE (user_id, permission_id);


--
-- Name: auth_user auth_user_username_key; Type: CONSTRAINT; Schema: public; Owner: harrison
--

ALTER TABLE ONLY public.auth_user
    ADD CONSTRAINT auth_user_username_key UNIQUE (username);


--
-- Name: django_admin_log django_admin_log_pkey; Type: CONSTRAINT; Schema: public; Owner: harrison
--

ALTER TABLE ONLY public.django_admin_log
    ADD CONSTRAINT django_admin_log_pkey PRIMARY KEY (id);


--
-- Name: django_content_type django_content_type_app_label_model_76bd3d3b_uniq; Type: CONSTRAINT; Schema: public; Owner: harrison
--

ALTER TABLE ONLY public.django_content_type
    ADD CONSTRAINT django_content_type_app_label_model_76bd3d3b_uniq UNIQUE (app_label, model);


--
-- Name: django_content_type django_content_type_pkey; Type: CONSTRAINT; Schema: public; Owner: harrison
--

ALTER TABLE ONLY public.django_content_type
    ADD CONSTRAINT django_content_type_pkey PRIMARY KEY (id);


--
-- Name: django_migrations django_migrations_pkey; Type: CONSTRAINT; Schema: public; Owner: harrison
--

ALTER TABLE ONLY public.django_migrations
    ADD CONSTRAINT django_migrations_pkey PRIMARY KEY (id);


--
-- Name: django_q_ormq django_q_ormq_pkey; Type: CONSTRAINT; Schema: public; Owner: harrison
--

ALTER TABLE ONLY public.django_q_ormq
    ADD CONSTRAINT django_q_ormq_pkey PRIMARY KEY (id);


--
-- Name: django_q_schedule django_q_schedule_pkey; Type: CONSTRAINT; Schema: public; Owner: harrison
--

ALTER TABLE ONLY public.django_q_schedule
    ADD CONSTRAINT django_q_schedule_pkey PRIMARY KEY (id);


--
-- Name: django_q_task django_q_task_pkey; Type: CONSTRAINT; Schema: public; Owner: harrison
--

ALTER TABLE ONLY public.django_q_task
    ADD CONSTRAINT django_q_task_pkey PRIMARY KEY (id);


--
-- Name: django_session django_session_pkey; Type: CONSTRAINT; Schema: public; Owner: harrison
--

ALTER TABLE ONLY public.django_session
    ADD CONSTRAINT django_session_pkey PRIMARY KEY (session_key);


--
-- Name: ERP_timetable_class_instance_gym_class_id_037c3420; Type: INDEX; Schema: public; Owner: harrison
--

CREATE INDEX "ERP_timetable_class_instance_gym_class_id_037c3420" ON public."ERP_timetable_class_instance" USING btree (gym_class_id);


--
-- Name: ERP_userprofile_prefered_traning_id_712170f3; Type: INDEX; Schema: public; Owner: harrison
--

CREATE INDEX "ERP_userprofile_prefered_traning_id_712170f3" ON public."ERP_userprofile" USING btree (prefered_traning_id);


--
-- Name: auth_group_name_a6ea08ec_like; Type: INDEX; Schema: public; Owner: harrison
--

CREATE INDEX auth_group_name_a6ea08ec_like ON public.auth_group USING btree (name varchar_pattern_ops);


--
-- Name: auth_group_permissions_group_id_b120cbf9; Type: INDEX; Schema: public; Owner: harrison
--

CREATE INDEX auth_group_permissions_group_id_b120cbf9 ON public.auth_group_permissions USING btree (group_id);


--
-- Name: auth_group_permissions_permission_id_84c5c92e; Type: INDEX; Schema: public; Owner: harrison
--

CREATE INDEX auth_group_permissions_permission_id_84c5c92e ON public.auth_group_permissions USING btree (permission_id);


--
-- Name: auth_permission_content_type_id_2f476e4b; Type: INDEX; Schema: public; Owner: harrison
--

CREATE INDEX auth_permission_content_type_id_2f476e4b ON public.auth_permission USING btree (content_type_id);


--
-- Name: auth_user_groups_group_id_97559544; Type: INDEX; Schema: public; Owner: harrison
--

CREATE INDEX auth_user_groups_group_id_97559544 ON public.auth_user_groups USING btree (group_id);


--
-- Name: auth_user_groups_user_id_6a12ed8b; Type: INDEX; Schema: public; Owner: harrison
--

CREATE INDEX auth_user_groups_user_id_6a12ed8b ON public.auth_user_groups USING btree (user_id);


--
-- Name: auth_user_user_permissions_permission_id_1fbb5f2c; Type: INDEX; Schema: public; Owner: harrison
--

CREATE INDEX auth_user_user_permissions_permission_id_1fbb5f2c ON public.auth_user_user_permissions USING btree (permission_id);


--
-- Name: auth_user_user_permissions_user_id_a95ead1b; Type: INDEX; Schema: public; Owner: harrison
--

CREATE INDEX auth_user_user_permissions_user_id_a95ead1b ON public.auth_user_user_permissions USING btree (user_id);


--
-- Name: auth_user_username_6821ab7c_like; Type: INDEX; Schema: public; Owner: harrison
--

CREATE INDEX auth_user_username_6821ab7c_like ON public.auth_user USING btree (username varchar_pattern_ops);


--
-- Name: django_admin_log_content_type_id_c4bce8eb; Type: INDEX; Schema: public; Owner: harrison
--

CREATE INDEX django_admin_log_content_type_id_c4bce8eb ON public.django_admin_log USING btree (content_type_id);


--
-- Name: django_admin_log_user_id_c564eba6; Type: INDEX; Schema: public; Owner: harrison
--

CREATE INDEX django_admin_log_user_id_c564eba6 ON public.django_admin_log USING btree (user_id);


--
-- Name: django_q_task_id_32882367_like; Type: INDEX; Schema: public; Owner: harrison
--

CREATE INDEX django_q_task_id_32882367_like ON public.django_q_task USING btree (id varchar_pattern_ops);


--
-- Name: django_session_expire_date_a5c62663; Type: INDEX; Schema: public; Owner: harrison
--

CREATE INDEX django_session_expire_date_a5c62663 ON public.django_session USING btree (expire_date);


--
-- Name: django_session_session_key_c0390e0f_like; Type: INDEX; Schema: public; Owner: harrison
--

CREATE INDEX django_session_session_key_c0390e0f_like ON public.django_session USING btree (session_key varchar_pattern_ops);


--
-- Name: ERP_timetable_class_instance ERP_timetable_class__gym_class_id_037c3420_fk_ERP_gym_c; Type: FK CONSTRAINT; Schema: public; Owner: harrison
--

ALTER TABLE ONLY public."ERP_timetable_class_instance"
    ADD CONSTRAINT "ERP_timetable_class__gym_class_id_037c3420_fk_ERP_gym_c" FOREIGN KEY (gym_class_id) REFERENCES public."ERP_gym_class"(id) DEFERRABLE INITIALLY DEFERRED;


--
-- Name: ERP_timetable ERP_timetable_fri10_id_b63c15ae_fk_ERP_timet; Type: FK CONSTRAINT; Schema: public; Owner: harrison
--

ALTER TABLE ONLY public."ERP_timetable"
    ADD CONSTRAINT "ERP_timetable_fri10_id_b63c15ae_fk_ERP_timet" FOREIGN KEY (fri10_id) REFERENCES public."ERP_timetable_class_instance"(id) DEFERRABLE INITIALLY DEFERRED;


--
-- Name: ERP_timetable ERP_timetable_fri11_id_cb5a7529_fk_ERP_timet; Type: FK CONSTRAINT; Schema: public; Owner: harrison
--

ALTER TABLE ONLY public."ERP_timetable"
    ADD CONSTRAINT "ERP_timetable_fri11_id_cb5a7529_fk_ERP_timet" FOREIGN KEY (fri11_id) REFERENCES public."ERP_timetable_class_instance"(id) DEFERRABLE INITIALLY DEFERRED;


--
-- Name: ERP_timetable ERP_timetable_fri12_id_670c87a7_fk_ERP_timet; Type: FK CONSTRAINT; Schema: public; Owner: harrison
--

ALTER TABLE ONLY public."ERP_timetable"
    ADD CONSTRAINT "ERP_timetable_fri12_id_670c87a7_fk_ERP_timet" FOREIGN KEY (fri12_id) REFERENCES public."ERP_timetable_class_instance"(id) DEFERRABLE INITIALLY DEFERRED;


--
-- Name: ERP_timetable ERP_timetable_fri13_id_49197b35_fk_ERP_timet; Type: FK CONSTRAINT; Schema: public; Owner: harrison
--

ALTER TABLE ONLY public."ERP_timetable"
    ADD CONSTRAINT "ERP_timetable_fri13_id_49197b35_fk_ERP_timet" FOREIGN KEY (fri13_id) REFERENCES public."ERP_timetable_class_instance"(id) DEFERRABLE INITIALLY DEFERRED;


--
-- Name: ERP_timetable ERP_timetable_fri14_id_b9a940dd_fk_ERP_timet; Type: FK CONSTRAINT; Schema: public; Owner: harrison
--

ALTER TABLE ONLY public."ERP_timetable"
    ADD CONSTRAINT "ERP_timetable_fri14_id_b9a940dd_fk_ERP_timet" FOREIGN KEY (fri14_id) REFERENCES public."ERP_timetable_class_instance"(id) DEFERRABLE INITIALLY DEFERRED;


--
-- Name: ERP_timetable ERP_timetable_fri15_id_4e43f95d_fk_ERP_timet; Type: FK CONSTRAINT; Schema: public; Owner: harrison
--

ALTER TABLE ONLY public."ERP_timetable"
    ADD CONSTRAINT "ERP_timetable_fri15_id_4e43f95d_fk_ERP_timet" FOREIGN KEY (fri15_id) REFERENCES public."ERP_timetable_class_instance"(id) DEFERRABLE INITIALLY DEFERRED;


--
-- Name: ERP_timetable ERP_timetable_fri16_id_c142c870_fk_ERP_timet; Type: FK CONSTRAINT; Schema: public; Owner: harrison
--

ALTER TABLE ONLY public."ERP_timetable"
    ADD CONSTRAINT "ERP_timetable_fri16_id_c142c870_fk_ERP_timet" FOREIGN KEY (fri16_id) REFERENCES public."ERP_timetable_class_instance"(id) DEFERRABLE INITIALLY DEFERRED;


--
-- Name: ERP_timetable ERP_timetable_fri17_id_5c2d7cc4_fk_ERP_timet; Type: FK CONSTRAINT; Schema: public; Owner: harrison
--

ALTER TABLE ONLY public."ERP_timetable"
    ADD CONSTRAINT "ERP_timetable_fri17_id_5c2d7cc4_fk_ERP_timet" FOREIGN KEY (fri17_id) REFERENCES public."ERP_timetable_class_instance"(id) DEFERRABLE INITIALLY DEFERRED;


--
-- Name: ERP_timetable ERP_timetable_fri18_id_70599902_fk_ERP_timet; Type: FK CONSTRAINT; Schema: public; Owner: harrison
--

ALTER TABLE ONLY public."ERP_timetable"
    ADD CONSTRAINT "ERP_timetable_fri18_id_70599902_fk_ERP_timet" FOREIGN KEY (fri18_id) REFERENCES public."ERP_timetable_class_instance"(id) DEFERRABLE INITIALLY DEFERRED;


--
-- Name: ERP_timetable ERP_timetable_fri5_id_6d3b2cbc_fk_ERP_timet; Type: FK CONSTRAINT; Schema: public; Owner: harrison
--

ALTER TABLE ONLY public."ERP_timetable"
    ADD CONSTRAINT "ERP_timetable_fri5_id_6d3b2cbc_fk_ERP_timet" FOREIGN KEY (fri5_id) REFERENCES public."ERP_timetable_class_instance"(id) DEFERRABLE INITIALLY DEFERRED;


--
-- Name: ERP_timetable ERP_timetable_fri6_id_3c693f22_fk_ERP_timet; Type: FK CONSTRAINT; Schema: public; Owner: harrison
--

ALTER TABLE ONLY public."ERP_timetable"
    ADD CONSTRAINT "ERP_timetable_fri6_id_3c693f22_fk_ERP_timet" FOREIGN KEY (fri6_id) REFERENCES public."ERP_timetable_class_instance"(id) DEFERRABLE INITIALLY DEFERRED;


--
-- Name: ERP_timetable ERP_timetable_fri7_id_54f483c4_fk_ERP_timet; Type: FK CONSTRAINT; Schema: public; Owner: harrison
--

ALTER TABLE ONLY public."ERP_timetable"
    ADD CONSTRAINT "ERP_timetable_fri7_id_54f483c4_fk_ERP_timet" FOREIGN KEY (fri7_id) REFERENCES public."ERP_timetable_class_instance"(id) DEFERRABLE INITIALLY DEFERRED;


--
-- Name: ERP_timetable ERP_timetable_fri8_id_acd39646_fk_ERP_timet; Type: FK CONSTRAINT; Schema: public; Owner: harrison
--

ALTER TABLE ONLY public."ERP_timetable"
    ADD CONSTRAINT "ERP_timetable_fri8_id_acd39646_fk_ERP_timet" FOREIGN KEY (fri8_id) REFERENCES public."ERP_timetable_class_instance"(id) DEFERRABLE INITIALLY DEFERRED;


--
-- Name: ERP_timetable ERP_timetable_fri9_id_56679c67_fk_ERP_timet; Type: FK CONSTRAINT; Schema: public; Owner: harrison
--

ALTER TABLE ONLY public."ERP_timetable"
    ADD CONSTRAINT "ERP_timetable_fri9_id_56679c67_fk_ERP_timet" FOREIGN KEY (fri9_id) REFERENCES public."ERP_timetable_class_instance"(id) DEFERRABLE INITIALLY DEFERRED;


--
-- Name: ERP_timetable ERP_timetable_mon10_id_c806d5bc_fk_ERP_timet; Type: FK CONSTRAINT; Schema: public; Owner: harrison
--

ALTER TABLE ONLY public."ERP_timetable"
    ADD CONSTRAINT "ERP_timetable_mon10_id_c806d5bc_fk_ERP_timet" FOREIGN KEY (mon10_id) REFERENCES public."ERP_timetable_class_instance"(id) DEFERRABLE INITIALLY DEFERRED;


--
-- Name: ERP_timetable ERP_timetable_mon11_id_f0a62e7e_fk_ERP_timet; Type: FK CONSTRAINT; Schema: public; Owner: harrison
--

ALTER TABLE ONLY public."ERP_timetable"
    ADD CONSTRAINT "ERP_timetable_mon11_id_f0a62e7e_fk_ERP_timet" FOREIGN KEY (mon11_id) REFERENCES public."ERP_timetable_class_instance"(id) DEFERRABLE INITIALLY DEFERRED;


--
-- Name: ERP_timetable ERP_timetable_mon12_id_e4a6cb2a_fk_ERP_timet; Type: FK CONSTRAINT; Schema: public; Owner: harrison
--

ALTER TABLE ONLY public."ERP_timetable"
    ADD CONSTRAINT "ERP_timetable_mon12_id_e4a6cb2a_fk_ERP_timet" FOREIGN KEY (mon12_id) REFERENCES public."ERP_timetable_class_instance"(id) DEFERRABLE INITIALLY DEFERRED;


--
-- Name: ERP_timetable ERP_timetable_mon13_id_f14ead45_fk_ERP_timet; Type: FK CONSTRAINT; Schema: public; Owner: harrison
--

ALTER TABLE ONLY public."ERP_timetable"
    ADD CONSTRAINT "ERP_timetable_mon13_id_f14ead45_fk_ERP_timet" FOREIGN KEY (mon13_id) REFERENCES public."ERP_timetable_class_instance"(id) DEFERRABLE INITIALLY DEFERRED;


--
-- Name: ERP_timetable ERP_timetable_mon14_id_93ce49b3_fk_ERP_timet; Type: FK CONSTRAINT; Schema: public; Owner: harrison
--

ALTER TABLE ONLY public."ERP_timetable"
    ADD CONSTRAINT "ERP_timetable_mon14_id_93ce49b3_fk_ERP_timet" FOREIGN KEY (mon14_id) REFERENCES public."ERP_timetable_class_instance"(id) DEFERRABLE INITIALLY DEFERRED;


--
-- Name: ERP_timetable ERP_timetable_mon15_id_bfb78100_fk_ERP_timet; Type: FK CONSTRAINT; Schema: public; Owner: harrison
--

ALTER TABLE ONLY public."ERP_timetable"
    ADD CONSTRAINT "ERP_timetable_mon15_id_bfb78100_fk_ERP_timet" FOREIGN KEY (mon15_id) REFERENCES public."ERP_timetable_class_instance"(id) DEFERRABLE INITIALLY DEFERRED;


--
-- Name: ERP_timetable ERP_timetable_mon16_id_0ff720e2_fk_ERP_timet; Type: FK CONSTRAINT; Schema: public; Owner: harrison
--

ALTER TABLE ONLY public."ERP_timetable"
    ADD CONSTRAINT "ERP_timetable_mon16_id_0ff720e2_fk_ERP_timet" FOREIGN KEY (mon16_id) REFERENCES public."ERP_timetable_class_instance"(id) DEFERRABLE INITIALLY DEFERRED;


--
-- Name: ERP_timetable ERP_timetable_mon17_id_e175f6a8_fk_ERP_timet; Type: FK CONSTRAINT; Schema: public; Owner: harrison
--

ALTER TABLE ONLY public."ERP_timetable"
    ADD CONSTRAINT "ERP_timetable_mon17_id_e175f6a8_fk_ERP_timet" FOREIGN KEY (mon17_id) REFERENCES public."ERP_timetable_class_instance"(id) DEFERRABLE INITIALLY DEFERRED;


--
-- Name: ERP_timetable ERP_timetable_mon18_id_40586e97_fk_ERP_timet; Type: FK CONSTRAINT; Schema: public; Owner: harrison
--

ALTER TABLE ONLY public."ERP_timetable"
    ADD CONSTRAINT "ERP_timetable_mon18_id_40586e97_fk_ERP_timet" FOREIGN KEY (mon18_id) REFERENCES public."ERP_timetable_class_instance"(id) DEFERRABLE INITIALLY DEFERRED;


--
-- Name: ERP_timetable ERP_timetable_mon5_id_4aa6793b_fk_ERP_timet; Type: FK CONSTRAINT; Schema: public; Owner: harrison
--

ALTER TABLE ONLY public."ERP_timetable"
    ADD CONSTRAINT "ERP_timetable_mon5_id_4aa6793b_fk_ERP_timet" FOREIGN KEY (mon5_id) REFERENCES public."ERP_timetable_class_instance"(id) DEFERRABLE INITIALLY DEFERRED;


--
-- Name: ERP_timetable ERP_timetable_mon6_id_61a032fb_fk_ERP_timet; Type: FK CONSTRAINT; Schema: public; Owner: harrison
--

ALTER TABLE ONLY public."ERP_timetable"
    ADD CONSTRAINT "ERP_timetable_mon6_id_61a032fb_fk_ERP_timet" FOREIGN KEY (mon6_id) REFERENCES public."ERP_timetable_class_instance"(id) DEFERRABLE INITIALLY DEFERRED;


--
-- Name: ERP_timetable ERP_timetable_mon7_id_55a4f31f_fk_ERP_timet; Type: FK CONSTRAINT; Schema: public; Owner: harrison
--

ALTER TABLE ONLY public."ERP_timetable"
    ADD CONSTRAINT "ERP_timetable_mon7_id_55a4f31f_fk_ERP_timet" FOREIGN KEY (mon7_id) REFERENCES public."ERP_timetable_class_instance"(id) DEFERRABLE INITIALLY DEFERRED;


--
-- Name: ERP_timetable ERP_timetable_mon8_id_5d1bdce3_fk_ERP_timet; Type: FK CONSTRAINT; Schema: public; Owner: harrison
--

ALTER TABLE ONLY public."ERP_timetable"
    ADD CONSTRAINT "ERP_timetable_mon8_id_5d1bdce3_fk_ERP_timet" FOREIGN KEY (mon8_id) REFERENCES public."ERP_timetable_class_instance"(id) DEFERRABLE INITIALLY DEFERRED;


--
-- Name: ERP_timetable ERP_timetable_mon9_id_3b57ffcc_fk_ERP_timet; Type: FK CONSTRAINT; Schema: public; Owner: harrison
--

ALTER TABLE ONLY public."ERP_timetable"
    ADD CONSTRAINT "ERP_timetable_mon9_id_3b57ffcc_fk_ERP_timet" FOREIGN KEY (mon9_id) REFERENCES public."ERP_timetable_class_instance"(id) DEFERRABLE INITIALLY DEFERRED;


--
-- Name: ERP_timetable ERP_timetable_sat10_id_eaaee789_fk_ERP_timet; Type: FK CONSTRAINT; Schema: public; Owner: harrison
--

ALTER TABLE ONLY public."ERP_timetable"
    ADD CONSTRAINT "ERP_timetable_sat10_id_eaaee789_fk_ERP_timet" FOREIGN KEY (sat10_id) REFERENCES public."ERP_timetable_class_instance"(id) DEFERRABLE INITIALLY DEFERRED;


--
-- Name: ERP_timetable ERP_timetable_sat11_id_da9464d2_fk_ERP_timet; Type: FK CONSTRAINT; Schema: public; Owner: harrison
--

ALTER TABLE ONLY public."ERP_timetable"
    ADD CONSTRAINT "ERP_timetable_sat11_id_da9464d2_fk_ERP_timet" FOREIGN KEY (sat11_id) REFERENCES public."ERP_timetable_class_instance"(id) DEFERRABLE INITIALLY DEFERRED;


--
-- Name: ERP_timetable ERP_timetable_sat12_id_dc1da4cc_fk_ERP_timet; Type: FK CONSTRAINT; Schema: public; Owner: harrison
--

ALTER TABLE ONLY public."ERP_timetable"
    ADD CONSTRAINT "ERP_timetable_sat12_id_dc1da4cc_fk_ERP_timet" FOREIGN KEY (sat12_id) REFERENCES public."ERP_timetable_class_instance"(id) DEFERRABLE INITIALLY DEFERRED;


--
-- Name: ERP_timetable ERP_timetable_sat13_id_59b623d1_fk_ERP_timet; Type: FK CONSTRAINT; Schema: public; Owner: harrison
--

ALTER TABLE ONLY public."ERP_timetable"
    ADD CONSTRAINT "ERP_timetable_sat13_id_59b623d1_fk_ERP_timet" FOREIGN KEY (sat13_id) REFERENCES public."ERP_timetable_class_instance"(id) DEFERRABLE INITIALLY DEFERRED;


--
-- Name: ERP_timetable ERP_timetable_sat14_id_bfe46737_fk_ERP_timet; Type: FK CONSTRAINT; Schema: public; Owner: harrison
--

ALTER TABLE ONLY public."ERP_timetable"
    ADD CONSTRAINT "ERP_timetable_sat14_id_bfe46737_fk_ERP_timet" FOREIGN KEY (sat14_id) REFERENCES public."ERP_timetable_class_instance"(id) DEFERRABLE INITIALLY DEFERRED;


--
-- Name: ERP_timetable ERP_timetable_sat15_id_a93daa5c_fk_ERP_timet; Type: FK CONSTRAINT; Schema: public; Owner: harrison
--

ALTER TABLE ONLY public."ERP_timetable"
    ADD CONSTRAINT "ERP_timetable_sat15_id_a93daa5c_fk_ERP_timet" FOREIGN KEY (sat15_id) REFERENCES public."ERP_timetable_class_instance"(id) DEFERRABLE INITIALLY DEFERRED;


--
-- Name: ERP_timetable ERP_timetable_sat16_id_d1bc5a49_fk_ERP_timet; Type: FK CONSTRAINT; Schema: public; Owner: harrison
--

ALTER TABLE ONLY public."ERP_timetable"
    ADD CONSTRAINT "ERP_timetable_sat16_id_d1bc5a49_fk_ERP_timet" FOREIGN KEY (sat16_id) REFERENCES public."ERP_timetable_class_instance"(id) DEFERRABLE INITIALLY DEFERRED;


--
-- Name: ERP_timetable ERP_timetable_sat17_id_2211e059_fk_ERP_timet; Type: FK CONSTRAINT; Schema: public; Owner: harrison
--

ALTER TABLE ONLY public."ERP_timetable"
    ADD CONSTRAINT "ERP_timetable_sat17_id_2211e059_fk_ERP_timet" FOREIGN KEY (sat17_id) REFERENCES public."ERP_timetable_class_instance"(id) DEFERRABLE INITIALLY DEFERRED;


--
-- Name: ERP_timetable ERP_timetable_sat18_id_ef4d340d_fk_ERP_timet; Type: FK CONSTRAINT; Schema: public; Owner: harrison
--

ALTER TABLE ONLY public."ERP_timetable"
    ADD CONSTRAINT "ERP_timetable_sat18_id_ef4d340d_fk_ERP_timet" FOREIGN KEY (sat18_id) REFERENCES public."ERP_timetable_class_instance"(id) DEFERRABLE INITIALLY DEFERRED;


--
-- Name: ERP_timetable ERP_timetable_sat5_id_dc9ae1c6_fk_ERP_timet; Type: FK CONSTRAINT; Schema: public; Owner: harrison
--

ALTER TABLE ONLY public."ERP_timetable"
    ADD CONSTRAINT "ERP_timetable_sat5_id_dc9ae1c6_fk_ERP_timet" FOREIGN KEY (sat5_id) REFERENCES public."ERP_timetable_class_instance"(id) DEFERRABLE INITIALLY DEFERRED;


--
-- Name: ERP_timetable ERP_timetable_sat6_id_c1c3f5b2_fk_ERP_timet; Type: FK CONSTRAINT; Schema: public; Owner: harrison
--

ALTER TABLE ONLY public."ERP_timetable"
    ADD CONSTRAINT "ERP_timetable_sat6_id_c1c3f5b2_fk_ERP_timet" FOREIGN KEY (sat6_id) REFERENCES public."ERP_timetable_class_instance"(id) DEFERRABLE INITIALLY DEFERRED;


--
-- Name: ERP_timetable ERP_timetable_sat7_id_34324e55_fk_ERP_timet; Type: FK CONSTRAINT; Schema: public; Owner: harrison
--

ALTER TABLE ONLY public."ERP_timetable"
    ADD CONSTRAINT "ERP_timetable_sat7_id_34324e55_fk_ERP_timet" FOREIGN KEY (sat7_id) REFERENCES public."ERP_timetable_class_instance"(id) DEFERRABLE INITIALLY DEFERRED;


--
-- Name: ERP_timetable ERP_timetable_sat8_id_664fae46_fk_ERP_timet; Type: FK CONSTRAINT; Schema: public; Owner: harrison
--

ALTER TABLE ONLY public."ERP_timetable"
    ADD CONSTRAINT "ERP_timetable_sat8_id_664fae46_fk_ERP_timet" FOREIGN KEY (sat8_id) REFERENCES public."ERP_timetable_class_instance"(id) DEFERRABLE INITIALLY DEFERRED;


--
-- Name: ERP_timetable ERP_timetable_sat9_id_e7434ad6_fk_ERP_timet; Type: FK CONSTRAINT; Schema: public; Owner: harrison
--

ALTER TABLE ONLY public."ERP_timetable"
    ADD CONSTRAINT "ERP_timetable_sat9_id_e7434ad6_fk_ERP_timet" FOREIGN KEY (sat9_id) REFERENCES public."ERP_timetable_class_instance"(id) DEFERRABLE INITIALLY DEFERRED;


--
-- Name: ERP_timetable ERP_timetable_sun10_id_d9b07ce6_fk_ERP_timet; Type: FK CONSTRAINT; Schema: public; Owner: harrison
--

ALTER TABLE ONLY public."ERP_timetable"
    ADD CONSTRAINT "ERP_timetable_sun10_id_d9b07ce6_fk_ERP_timet" FOREIGN KEY (sun10_id) REFERENCES public."ERP_timetable_class_instance"(id) DEFERRABLE INITIALLY DEFERRED;


--
-- Name: ERP_timetable ERP_timetable_sun11_id_a9bea664_fk_ERP_timet; Type: FK CONSTRAINT; Schema: public; Owner: harrison
--

ALTER TABLE ONLY public."ERP_timetable"
    ADD CONSTRAINT "ERP_timetable_sun11_id_a9bea664_fk_ERP_timet" FOREIGN KEY (sun11_id) REFERENCES public."ERP_timetable_class_instance"(id) DEFERRABLE INITIALLY DEFERRED;


--
-- Name: ERP_timetable ERP_timetable_sun12_id_3a9efbb8_fk_ERP_timet; Type: FK CONSTRAINT; Schema: public; Owner: harrison
--

ALTER TABLE ONLY public."ERP_timetable"
    ADD CONSTRAINT "ERP_timetable_sun12_id_3a9efbb8_fk_ERP_timet" FOREIGN KEY (sun12_id) REFERENCES public."ERP_timetable_class_instance"(id) DEFERRABLE INITIALLY DEFERRED;


--
-- Name: ERP_timetable ERP_timetable_sun13_id_d7c77435_fk_ERP_timet; Type: FK CONSTRAINT; Schema: public; Owner: harrison
--

ALTER TABLE ONLY public."ERP_timetable"
    ADD CONSTRAINT "ERP_timetable_sun13_id_d7c77435_fk_ERP_timet" FOREIGN KEY (sun13_id) REFERENCES public."ERP_timetable_class_instance"(id) DEFERRABLE INITIALLY DEFERRED;


--
-- Name: ERP_timetable ERP_timetable_sun14_id_40d0cdc0_fk_ERP_timet; Type: FK CONSTRAINT; Schema: public; Owner: harrison
--

ALTER TABLE ONLY public."ERP_timetable"
    ADD CONSTRAINT "ERP_timetable_sun14_id_40d0cdc0_fk_ERP_timet" FOREIGN KEY (sun14_id) REFERENCES public."ERP_timetable_class_instance"(id) DEFERRABLE INITIALLY DEFERRED;


--
-- Name: ERP_timetable ERP_timetable_sun15_id_02c18ebd_fk_ERP_timet; Type: FK CONSTRAINT; Schema: public; Owner: harrison
--

ALTER TABLE ONLY public."ERP_timetable"
    ADD CONSTRAINT "ERP_timetable_sun15_id_02c18ebd_fk_ERP_timet" FOREIGN KEY (sun15_id) REFERENCES public."ERP_timetable_class_instance"(id) DEFERRABLE INITIALLY DEFERRED;


--
-- Name: ERP_timetable ERP_timetable_sun16_id_50924781_fk_ERP_timet; Type: FK CONSTRAINT; Schema: public; Owner: harrison
--

ALTER TABLE ONLY public."ERP_timetable"
    ADD CONSTRAINT "ERP_timetable_sun16_id_50924781_fk_ERP_timet" FOREIGN KEY (sun16_id) REFERENCES public."ERP_timetable_class_instance"(id) DEFERRABLE INITIALLY DEFERRED;


--
-- Name: ERP_timetable ERP_timetable_sun17_id_a485c8d2_fk_ERP_timet; Type: FK CONSTRAINT; Schema: public; Owner: harrison
--

ALTER TABLE ONLY public."ERP_timetable"
    ADD CONSTRAINT "ERP_timetable_sun17_id_a485c8d2_fk_ERP_timet" FOREIGN KEY (sun17_id) REFERENCES public."ERP_timetable_class_instance"(id) DEFERRABLE INITIALLY DEFERRED;


--
-- Name: ERP_timetable ERP_timetable_sun18_id_f4cf2834_fk_ERP_timet; Type: FK CONSTRAINT; Schema: public; Owner: harrison
--

ALTER TABLE ONLY public."ERP_timetable"
    ADD CONSTRAINT "ERP_timetable_sun18_id_f4cf2834_fk_ERP_timet" FOREIGN KEY (sun18_id) REFERENCES public."ERP_timetable_class_instance"(id) DEFERRABLE INITIALLY DEFERRED;


--
-- Name: ERP_timetable ERP_timetable_sun5_id_d0d708c5_fk_ERP_timet; Type: FK CONSTRAINT; Schema: public; Owner: harrison
--

ALTER TABLE ONLY public."ERP_timetable"
    ADD CONSTRAINT "ERP_timetable_sun5_id_d0d708c5_fk_ERP_timet" FOREIGN KEY (sun5_id) REFERENCES public."ERP_timetable_class_instance"(id) DEFERRABLE INITIALLY DEFERRED;


--
-- Name: ERP_timetable ERP_timetable_sun6_id_a3105925_fk_ERP_timet; Type: FK CONSTRAINT; Schema: public; Owner: harrison
--

ALTER TABLE ONLY public."ERP_timetable"
    ADD CONSTRAINT "ERP_timetable_sun6_id_a3105925_fk_ERP_timet" FOREIGN KEY (sun6_id) REFERENCES public."ERP_timetable_class_instance"(id) DEFERRABLE INITIALLY DEFERRED;


--
-- Name: ERP_timetable ERP_timetable_sun7_id_79931a97_fk_ERP_timet; Type: FK CONSTRAINT; Schema: public; Owner: harrison
--

ALTER TABLE ONLY public."ERP_timetable"
    ADD CONSTRAINT "ERP_timetable_sun7_id_79931a97_fk_ERP_timet" FOREIGN KEY (sun7_id) REFERENCES public."ERP_timetable_class_instance"(id) DEFERRABLE INITIALLY DEFERRED;


--
-- Name: ERP_timetable ERP_timetable_sun8_id_742bf340_fk_ERP_timet; Type: FK CONSTRAINT; Schema: public; Owner: harrison
--

ALTER TABLE ONLY public."ERP_timetable"
    ADD CONSTRAINT "ERP_timetable_sun8_id_742bf340_fk_ERP_timet" FOREIGN KEY (sun8_id) REFERENCES public."ERP_timetable_class_instance"(id) DEFERRABLE INITIALLY DEFERRED;


--
-- Name: ERP_timetable ERP_timetable_sun9_id_39bfc200_fk_ERP_timet; Type: FK CONSTRAINT; Schema: public; Owner: harrison
--

ALTER TABLE ONLY public."ERP_timetable"
    ADD CONSTRAINT "ERP_timetable_sun9_id_39bfc200_fk_ERP_timet" FOREIGN KEY (sun9_id) REFERENCES public."ERP_timetable_class_instance"(id) DEFERRABLE INITIALLY DEFERRED;


--
-- Name: ERP_timetable ERP_timetable_thur10_id_2fd69593_fk_ERP_timet; Type: FK CONSTRAINT; Schema: public; Owner: harrison
--

ALTER TABLE ONLY public."ERP_timetable"
    ADD CONSTRAINT "ERP_timetable_thur10_id_2fd69593_fk_ERP_timet" FOREIGN KEY (thur10_id) REFERENCES public."ERP_timetable_class_instance"(id) DEFERRABLE INITIALLY DEFERRED;


--
-- Name: ERP_timetable ERP_timetable_thur11_id_c1d433f4_fk_ERP_timet; Type: FK CONSTRAINT; Schema: public; Owner: harrison
--

ALTER TABLE ONLY public."ERP_timetable"
    ADD CONSTRAINT "ERP_timetable_thur11_id_c1d433f4_fk_ERP_timet" FOREIGN KEY (thur11_id) REFERENCES public."ERP_timetable_class_instance"(id) DEFERRABLE INITIALLY DEFERRED;


--
-- Name: ERP_timetable ERP_timetable_thur12_id_6bfceb56_fk_ERP_timet; Type: FK CONSTRAINT; Schema: public; Owner: harrison
--

ALTER TABLE ONLY public."ERP_timetable"
    ADD CONSTRAINT "ERP_timetable_thur12_id_6bfceb56_fk_ERP_timet" FOREIGN KEY (thur12_id) REFERENCES public."ERP_timetable_class_instance"(id) DEFERRABLE INITIALLY DEFERRED;


--
-- Name: ERP_timetable ERP_timetable_thur13_id_9b508156_fk_ERP_timet; Type: FK CONSTRAINT; Schema: public; Owner: harrison
--

ALTER TABLE ONLY public."ERP_timetable"
    ADD CONSTRAINT "ERP_timetable_thur13_id_9b508156_fk_ERP_timet" FOREIGN KEY (thur13_id) REFERENCES public."ERP_timetable_class_instance"(id) DEFERRABLE INITIALLY DEFERRED;


--
-- Name: ERP_timetable ERP_timetable_thur14_id_e705a45b_fk_ERP_timet; Type: FK CONSTRAINT; Schema: public; Owner: harrison
--

ALTER TABLE ONLY public."ERP_timetable"
    ADD CONSTRAINT "ERP_timetable_thur14_id_e705a45b_fk_ERP_timet" FOREIGN KEY (thur14_id) REFERENCES public."ERP_timetable_class_instance"(id) DEFERRABLE INITIALLY DEFERRED;


--
-- Name: ERP_timetable ERP_timetable_thur15_id_73caee0d_fk_ERP_timet; Type: FK CONSTRAINT; Schema: public; Owner: harrison
--

ALTER TABLE ONLY public."ERP_timetable"
    ADD CONSTRAINT "ERP_timetable_thur15_id_73caee0d_fk_ERP_timet" FOREIGN KEY (thur15_id) REFERENCES public."ERP_timetable_class_instance"(id) DEFERRABLE INITIALLY DEFERRED;


--
-- Name: ERP_timetable ERP_timetable_thur16_id_924b2b2d_fk_ERP_timet; Type: FK CONSTRAINT; Schema: public; Owner: harrison
--

ALTER TABLE ONLY public."ERP_timetable"
    ADD CONSTRAINT "ERP_timetable_thur16_id_924b2b2d_fk_ERP_timet" FOREIGN KEY (thur16_id) REFERENCES public."ERP_timetable_class_instance"(id) DEFERRABLE INITIALLY DEFERRED;


--
-- Name: ERP_timetable ERP_timetable_thur17_id_15afee80_fk_ERP_timet; Type: FK CONSTRAINT; Schema: public; Owner: harrison
--

ALTER TABLE ONLY public."ERP_timetable"
    ADD CONSTRAINT "ERP_timetable_thur17_id_15afee80_fk_ERP_timet" FOREIGN KEY (thur17_id) REFERENCES public."ERP_timetable_class_instance"(id) DEFERRABLE INITIALLY DEFERRED;


--
-- Name: ERP_timetable ERP_timetable_thur18_id_9a8b7cc2_fk_ERP_timet; Type: FK CONSTRAINT; Schema: public; Owner: harrison
--

ALTER TABLE ONLY public."ERP_timetable"
    ADD CONSTRAINT "ERP_timetable_thur18_id_9a8b7cc2_fk_ERP_timet" FOREIGN KEY (thur18_id) REFERENCES public."ERP_timetable_class_instance"(id) DEFERRABLE INITIALLY DEFERRED;


--
-- Name: ERP_timetable ERP_timetable_thur5_id_d889ec4b_fk_ERP_timet; Type: FK CONSTRAINT; Schema: public; Owner: harrison
--

ALTER TABLE ONLY public."ERP_timetable"
    ADD CONSTRAINT "ERP_timetable_thur5_id_d889ec4b_fk_ERP_timet" FOREIGN KEY (thur5_id) REFERENCES public."ERP_timetable_class_instance"(id) DEFERRABLE INITIALLY DEFERRED;


--
-- Name: ERP_timetable ERP_timetable_thur6_id_108de65b_fk_ERP_timet; Type: FK CONSTRAINT; Schema: public; Owner: harrison
--

ALTER TABLE ONLY public."ERP_timetable"
    ADD CONSTRAINT "ERP_timetable_thur6_id_108de65b_fk_ERP_timet" FOREIGN KEY (thur6_id) REFERENCES public."ERP_timetable_class_instance"(id) DEFERRABLE INITIALLY DEFERRED;


--
-- Name: ERP_timetable ERP_timetable_thur7_id_40fb91f8_fk_ERP_timet; Type: FK CONSTRAINT; Schema: public; Owner: harrison
--

ALTER TABLE ONLY public."ERP_timetable"
    ADD CONSTRAINT "ERP_timetable_thur7_id_40fb91f8_fk_ERP_timet" FOREIGN KEY (thur7_id) REFERENCES public."ERP_timetable_class_instance"(id) DEFERRABLE INITIALLY DEFERRED;


--
-- Name: ERP_timetable ERP_timetable_thur8_id_f9df575a_fk_ERP_timet; Type: FK CONSTRAINT; Schema: public; Owner: harrison
--

ALTER TABLE ONLY public."ERP_timetable"
    ADD CONSTRAINT "ERP_timetable_thur8_id_f9df575a_fk_ERP_timet" FOREIGN KEY (thur8_id) REFERENCES public."ERP_timetable_class_instance"(id) DEFERRABLE INITIALLY DEFERRED;


--
-- Name: ERP_timetable ERP_timetable_thur9_id_74381b07_fk_ERP_timet; Type: FK CONSTRAINT; Schema: public; Owner: harrison
--

ALTER TABLE ONLY public."ERP_timetable"
    ADD CONSTRAINT "ERP_timetable_thur9_id_74381b07_fk_ERP_timet" FOREIGN KEY (thur9_id) REFERENCES public."ERP_timetable_class_instance"(id) DEFERRABLE INITIALLY DEFERRED;


--
-- Name: ERP_timetable ERP_timetable_tue10_id_bf79ec77_fk_ERP_timet; Type: FK CONSTRAINT; Schema: public; Owner: harrison
--

ALTER TABLE ONLY public."ERP_timetable"
    ADD CONSTRAINT "ERP_timetable_tue10_id_bf79ec77_fk_ERP_timet" FOREIGN KEY (tue10_id) REFERENCES public."ERP_timetable_class_instance"(id) DEFERRABLE INITIALLY DEFERRED;


--
-- Name: ERP_timetable ERP_timetable_tue11_id_e38ff887_fk_ERP_timet; Type: FK CONSTRAINT; Schema: public; Owner: harrison
--

ALTER TABLE ONLY public."ERP_timetable"
    ADD CONSTRAINT "ERP_timetable_tue11_id_e38ff887_fk_ERP_timet" FOREIGN KEY (tue11_id) REFERENCES public."ERP_timetable_class_instance"(id) DEFERRABLE INITIALLY DEFERRED;


--
-- Name: ERP_timetable ERP_timetable_tue12_id_82c0bb44_fk_ERP_timet; Type: FK CONSTRAINT; Schema: public; Owner: harrison
--

ALTER TABLE ONLY public."ERP_timetable"
    ADD CONSTRAINT "ERP_timetable_tue12_id_82c0bb44_fk_ERP_timet" FOREIGN KEY (tue12_id) REFERENCES public."ERP_timetable_class_instance"(id) DEFERRABLE INITIALLY DEFERRED;


--
-- Name: ERP_timetable ERP_timetable_tue13_id_54366224_fk_ERP_timet; Type: FK CONSTRAINT; Schema: public; Owner: harrison
--

ALTER TABLE ONLY public."ERP_timetable"
    ADD CONSTRAINT "ERP_timetable_tue13_id_54366224_fk_ERP_timet" FOREIGN KEY (tue13_id) REFERENCES public."ERP_timetable_class_instance"(id) DEFERRABLE INITIALLY DEFERRED;


--
-- Name: ERP_timetable ERP_timetable_tue14_id_58dc7181_fk_ERP_timet; Type: FK CONSTRAINT; Schema: public; Owner: harrison
--

ALTER TABLE ONLY public."ERP_timetable"
    ADD CONSTRAINT "ERP_timetable_tue14_id_58dc7181_fk_ERP_timet" FOREIGN KEY (tue14_id) REFERENCES public."ERP_timetable_class_instance"(id) DEFERRABLE INITIALLY DEFERRED;


--
-- Name: ERP_timetable ERP_timetable_tue15_id_55d71538_fk_ERP_timet; Type: FK CONSTRAINT; Schema: public; Owner: harrison
--

ALTER TABLE ONLY public."ERP_timetable"
    ADD CONSTRAINT "ERP_timetable_tue15_id_55d71538_fk_ERP_timet" FOREIGN KEY (tue15_id) REFERENCES public."ERP_timetable_class_instance"(id) DEFERRABLE INITIALLY DEFERRED;


--
-- Name: ERP_timetable ERP_timetable_tue16_id_d2c78b9d_fk_ERP_timet; Type: FK CONSTRAINT; Schema: public; Owner: harrison
--

ALTER TABLE ONLY public."ERP_timetable"
    ADD CONSTRAINT "ERP_timetable_tue16_id_d2c78b9d_fk_ERP_timet" FOREIGN KEY (tue16_id) REFERENCES public."ERP_timetable_class_instance"(id) DEFERRABLE INITIALLY DEFERRED;


--
-- Name: ERP_timetable ERP_timetable_tue17_id_5a6a42b5_fk_ERP_timet; Type: FK CONSTRAINT; Schema: public; Owner: harrison
--

ALTER TABLE ONLY public."ERP_timetable"
    ADD CONSTRAINT "ERP_timetable_tue17_id_5a6a42b5_fk_ERP_timet" FOREIGN KEY (tue17_id) REFERENCES public."ERP_timetable_class_instance"(id) DEFERRABLE INITIALLY DEFERRED;


--
-- Name: ERP_timetable ERP_timetable_tue18_id_8630dcf1_fk_ERP_timet; Type: FK CONSTRAINT; Schema: public; Owner: harrison
--

ALTER TABLE ONLY public."ERP_timetable"
    ADD CONSTRAINT "ERP_timetable_tue18_id_8630dcf1_fk_ERP_timet" FOREIGN KEY (tue18_id) REFERENCES public."ERP_timetable_class_instance"(id) DEFERRABLE INITIALLY DEFERRED;


--
-- Name: ERP_timetable ERP_timetable_tue5_id_3aad07d6_fk_ERP_timet; Type: FK CONSTRAINT; Schema: public; Owner: harrison
--

ALTER TABLE ONLY public."ERP_timetable"
    ADD CONSTRAINT "ERP_timetable_tue5_id_3aad07d6_fk_ERP_timet" FOREIGN KEY (tue5_id) REFERENCES public."ERP_timetable_class_instance"(id) DEFERRABLE INITIALLY DEFERRED;


--
-- Name: ERP_timetable ERP_timetable_tue6_id_ee13c41e_fk_ERP_timet; Type: FK CONSTRAINT; Schema: public; Owner: harrison
--

ALTER TABLE ONLY public."ERP_timetable"
    ADD CONSTRAINT "ERP_timetable_tue6_id_ee13c41e_fk_ERP_timet" FOREIGN KEY (tue6_id) REFERENCES public."ERP_timetable_class_instance"(id) DEFERRABLE INITIALLY DEFERRED;


--
-- Name: ERP_timetable ERP_timetable_tue7_id_97145cc1_fk_ERP_timet; Type: FK CONSTRAINT; Schema: public; Owner: harrison
--

ALTER TABLE ONLY public."ERP_timetable"
    ADD CONSTRAINT "ERP_timetable_tue7_id_97145cc1_fk_ERP_timet" FOREIGN KEY (tue7_id) REFERENCES public."ERP_timetable_class_instance"(id) DEFERRABLE INITIALLY DEFERRED;


--
-- Name: ERP_timetable ERP_timetable_tue8_id_99131fc5_fk_ERP_timet; Type: FK CONSTRAINT; Schema: public; Owner: harrison
--

ALTER TABLE ONLY public."ERP_timetable"
    ADD CONSTRAINT "ERP_timetable_tue8_id_99131fc5_fk_ERP_timet" FOREIGN KEY (tue8_id) REFERENCES public."ERP_timetable_class_instance"(id) DEFERRABLE INITIALLY DEFERRED;


--
-- Name: ERP_timetable ERP_timetable_tue9_id_d08350ff_fk_ERP_timet; Type: FK CONSTRAINT; Schema: public; Owner: harrison
--

ALTER TABLE ONLY public."ERP_timetable"
    ADD CONSTRAINT "ERP_timetable_tue9_id_d08350ff_fk_ERP_timet" FOREIGN KEY (tue9_id) REFERENCES public."ERP_timetable_class_instance"(id) DEFERRABLE INITIALLY DEFERRED;


--
-- Name: ERP_timetable ERP_timetable_wed10_id_64daf7fd_fk_ERP_timet; Type: FK CONSTRAINT; Schema: public; Owner: harrison
--

ALTER TABLE ONLY public."ERP_timetable"
    ADD CONSTRAINT "ERP_timetable_wed10_id_64daf7fd_fk_ERP_timet" FOREIGN KEY (wed10_id) REFERENCES public."ERP_timetable_class_instance"(id) DEFERRABLE INITIALLY DEFERRED;


--
-- Name: ERP_timetable ERP_timetable_wed11_id_2e260644_fk_ERP_timet; Type: FK CONSTRAINT; Schema: public; Owner: harrison
--

ALTER TABLE ONLY public."ERP_timetable"
    ADD CONSTRAINT "ERP_timetable_wed11_id_2e260644_fk_ERP_timet" FOREIGN KEY (wed11_id) REFERENCES public."ERP_timetable_class_instance"(id) DEFERRABLE INITIALLY DEFERRED;


--
-- Name: ERP_timetable ERP_timetable_wed12_id_58d3d474_fk_ERP_timet; Type: FK CONSTRAINT; Schema: public; Owner: harrison
--

ALTER TABLE ONLY public."ERP_timetable"
    ADD CONSTRAINT "ERP_timetable_wed12_id_58d3d474_fk_ERP_timet" FOREIGN KEY (wed12_id) REFERENCES public."ERP_timetable_class_instance"(id) DEFERRABLE INITIALLY DEFERRED;


--
-- Name: ERP_timetable ERP_timetable_wed13_id_f8931adb_fk_ERP_timet; Type: FK CONSTRAINT; Schema: public; Owner: harrison
--

ALTER TABLE ONLY public."ERP_timetable"
    ADD CONSTRAINT "ERP_timetable_wed13_id_f8931adb_fk_ERP_timet" FOREIGN KEY (wed13_id) REFERENCES public."ERP_timetable_class_instance"(id) DEFERRABLE INITIALLY DEFERRED;


--
-- Name: ERP_timetable ERP_timetable_wed14_id_447c106f_fk_ERP_timet; Type: FK CONSTRAINT; Schema: public; Owner: harrison
--

ALTER TABLE ONLY public."ERP_timetable"
    ADD CONSTRAINT "ERP_timetable_wed14_id_447c106f_fk_ERP_timet" FOREIGN KEY (wed14_id) REFERENCES public."ERP_timetable_class_instance"(id) DEFERRABLE INITIALLY DEFERRED;


--
-- Name: ERP_timetable ERP_timetable_wed15_id_179a580f_fk_ERP_timet; Type: FK CONSTRAINT; Schema: public; Owner: harrison
--

ALTER TABLE ONLY public."ERP_timetable"
    ADD CONSTRAINT "ERP_timetable_wed15_id_179a580f_fk_ERP_timet" FOREIGN KEY (wed15_id) REFERENCES public."ERP_timetable_class_instance"(id) DEFERRABLE INITIALLY DEFERRED;


--
-- Name: ERP_timetable ERP_timetable_wed16_id_97df2c74_fk_ERP_timet; Type: FK CONSTRAINT; Schema: public; Owner: harrison
--

ALTER TABLE ONLY public."ERP_timetable"
    ADD CONSTRAINT "ERP_timetable_wed16_id_97df2c74_fk_ERP_timet" FOREIGN KEY (wed16_id) REFERENCES public."ERP_timetable_class_instance"(id) DEFERRABLE INITIALLY DEFERRED;


--
-- Name: ERP_timetable ERP_timetable_wed17_id_e9ccbcca_fk_ERP_timet; Type: FK CONSTRAINT; Schema: public; Owner: harrison
--

ALTER TABLE ONLY public."ERP_timetable"
    ADD CONSTRAINT "ERP_timetable_wed17_id_e9ccbcca_fk_ERP_timet" FOREIGN KEY (wed17_id) REFERENCES public."ERP_timetable_class_instance"(id) DEFERRABLE INITIALLY DEFERRED;


--
-- Name: ERP_timetable ERP_timetable_wed18_id_a4a83ea5_fk_ERP_timet; Type: FK CONSTRAINT; Schema: public; Owner: harrison
--

ALTER TABLE ONLY public."ERP_timetable"
    ADD CONSTRAINT "ERP_timetable_wed18_id_a4a83ea5_fk_ERP_timet" FOREIGN KEY (wed18_id) REFERENCES public."ERP_timetable_class_instance"(id) DEFERRABLE INITIALLY DEFERRED;


--
-- Name: ERP_timetable ERP_timetable_wed5_id_ee64b740_fk_ERP_timet; Type: FK CONSTRAINT; Schema: public; Owner: harrison
--

ALTER TABLE ONLY public."ERP_timetable"
    ADD CONSTRAINT "ERP_timetable_wed5_id_ee64b740_fk_ERP_timet" FOREIGN KEY (wed5_id) REFERENCES public."ERP_timetable_class_instance"(id) DEFERRABLE INITIALLY DEFERRED;


--
-- Name: ERP_timetable ERP_timetable_wed6_id_60943746_fk_ERP_timet; Type: FK CONSTRAINT; Schema: public; Owner: harrison
--

ALTER TABLE ONLY public."ERP_timetable"
    ADD CONSTRAINT "ERP_timetable_wed6_id_60943746_fk_ERP_timet" FOREIGN KEY (wed6_id) REFERENCES public."ERP_timetable_class_instance"(id) DEFERRABLE INITIALLY DEFERRED;


--
-- Name: ERP_timetable ERP_timetable_wed7_id_ada7311c_fk_ERP_timet; Type: FK CONSTRAINT; Schema: public; Owner: harrison
--

ALTER TABLE ONLY public."ERP_timetable"
    ADD CONSTRAINT "ERP_timetable_wed7_id_ada7311c_fk_ERP_timet" FOREIGN KEY (wed7_id) REFERENCES public."ERP_timetable_class_instance"(id) DEFERRABLE INITIALLY DEFERRED;


--
-- Name: ERP_timetable ERP_timetable_wed8_id_dce50963_fk_ERP_timet; Type: FK CONSTRAINT; Schema: public; Owner: harrison
--

ALTER TABLE ONLY public."ERP_timetable"
    ADD CONSTRAINT "ERP_timetable_wed8_id_dce50963_fk_ERP_timet" FOREIGN KEY (wed8_id) REFERENCES public."ERP_timetable_class_instance"(id) DEFERRABLE INITIALLY DEFERRED;


--
-- Name: ERP_timetable ERP_timetable_wed9_id_5060f3a8_fk_ERP_timet; Type: FK CONSTRAINT; Schema: public; Owner: harrison
--

ALTER TABLE ONLY public."ERP_timetable"
    ADD CONSTRAINT "ERP_timetable_wed9_id_5060f3a8_fk_ERP_timet" FOREIGN KEY (wed9_id) REFERENCES public."ERP_timetable_class_instance"(id) DEFERRABLE INITIALLY DEFERRED;


--
-- Name: ERP_userprofile ERP_userprofile_prefered_traning_id_712170f3_fk_ERP_gym_c; Type: FK CONSTRAINT; Schema: public; Owner: harrison
--

ALTER TABLE ONLY public."ERP_userprofile"
    ADD CONSTRAINT "ERP_userprofile_prefered_traning_id_712170f3_fk_ERP_gym_c" FOREIGN KEY (prefered_traning_id) REFERENCES public."ERP_gym_class"(id) DEFERRABLE INITIALLY DEFERRED;


--
-- Name: ERP_userprofile ERP_userprofile_user_id_6bdd88e8_fk_auth_user_id; Type: FK CONSTRAINT; Schema: public; Owner: harrison
--

ALTER TABLE ONLY public."ERP_userprofile"
    ADD CONSTRAINT "ERP_userprofile_user_id_6bdd88e8_fk_auth_user_id" FOREIGN KEY (user_id) REFERENCES public.auth_user(id) DEFERRABLE INITIALLY DEFERRED;


--
-- Name: auth_group_permissions auth_group_permissio_permission_id_84c5c92e_fk_auth_perm; Type: FK CONSTRAINT; Schema: public; Owner: harrison
--

ALTER TABLE ONLY public.auth_group_permissions
    ADD CONSTRAINT auth_group_permissio_permission_id_84c5c92e_fk_auth_perm FOREIGN KEY (permission_id) REFERENCES public.auth_permission(id) DEFERRABLE INITIALLY DEFERRED;


--
-- Name: auth_group_permissions auth_group_permissions_group_id_b120cbf9_fk_auth_group_id; Type: FK CONSTRAINT; Schema: public; Owner: harrison
--

ALTER TABLE ONLY public.auth_group_permissions
    ADD CONSTRAINT auth_group_permissions_group_id_b120cbf9_fk_auth_group_id FOREIGN KEY (group_id) REFERENCES public.auth_group(id) DEFERRABLE INITIALLY DEFERRED;


--
-- Name: auth_permission auth_permission_content_type_id_2f476e4b_fk_django_co; Type: FK CONSTRAINT; Schema: public; Owner: harrison
--

ALTER TABLE ONLY public.auth_permission
    ADD CONSTRAINT auth_permission_content_type_id_2f476e4b_fk_django_co FOREIGN KEY (content_type_id) REFERENCES public.django_content_type(id) DEFERRABLE INITIALLY DEFERRED;


--
-- Name: auth_user_groups auth_user_groups_group_id_97559544_fk_auth_group_id; Type: FK CONSTRAINT; Schema: public; Owner: harrison
--

ALTER TABLE ONLY public.auth_user_groups
    ADD CONSTRAINT auth_user_groups_group_id_97559544_fk_auth_group_id FOREIGN KEY (group_id) REFERENCES public.auth_group(id) DEFERRABLE INITIALLY DEFERRED;


--
-- Name: auth_user_groups auth_user_groups_user_id_6a12ed8b_fk_auth_user_id; Type: FK CONSTRAINT; Schema: public; Owner: harrison
--

ALTER TABLE ONLY public.auth_user_groups
    ADD CONSTRAINT auth_user_groups_user_id_6a12ed8b_fk_auth_user_id FOREIGN KEY (user_id) REFERENCES public.auth_user(id) DEFERRABLE INITIALLY DEFERRED;


--
-- Name: auth_user_user_permissions auth_user_user_permi_permission_id_1fbb5f2c_fk_auth_perm; Type: FK CONSTRAINT; Schema: public; Owner: harrison
--

ALTER TABLE ONLY public.auth_user_user_permissions
    ADD CONSTRAINT auth_user_user_permi_permission_id_1fbb5f2c_fk_auth_perm FOREIGN KEY (permission_id) REFERENCES public.auth_permission(id) DEFERRABLE INITIALLY DEFERRED;


--
-- Name: auth_user_user_permissions auth_user_user_permissions_user_id_a95ead1b_fk_auth_user_id; Type: FK CONSTRAINT; Schema: public; Owner: harrison
--

ALTER TABLE ONLY public.auth_user_user_permissions
    ADD CONSTRAINT auth_user_user_permissions_user_id_a95ead1b_fk_auth_user_id FOREIGN KEY (user_id) REFERENCES public.auth_user(id) DEFERRABLE INITIALLY DEFERRED;


--
-- Name: django_admin_log django_admin_log_content_type_id_c4bce8eb_fk_django_co; Type: FK CONSTRAINT; Schema: public; Owner: harrison
--

ALTER TABLE ONLY public.django_admin_log
    ADD CONSTRAINT django_admin_log_content_type_id_c4bce8eb_fk_django_co FOREIGN KEY (content_type_id) REFERENCES public.django_content_type(id) DEFERRABLE INITIALLY DEFERRED;


--
-- Name: django_admin_log django_admin_log_user_id_c564eba6_fk_auth_user_id; Type: FK CONSTRAINT; Schema: public; Owner: harrison
--

ALTER TABLE ONLY public.django_admin_log
    ADD CONSTRAINT django_admin_log_user_id_c564eba6_fk_auth_user_id FOREIGN KEY (user_id) REFERENCES public.auth_user(id) DEFERRABLE INITIALLY DEFERRED;


--
-- PostgreSQL database dump complete
--

